<?xml version="1.0" encoding="UTF-8"?>
<CustomField xmlns="http://soap.sforce.com/2006/04/metadata">
    <fullName>Category__c</fullName>
    <externalId>false</externalId>
    <inlineHelpText>Enter the type of Contact!</inlineHelpText>
    <label>Category</label>
    <required>false</required>
    <trackFeedHistory>false</trackFeedHistory>
    <type>Picklist</type>
    <valueSet>
        <controllingField>Relationship_to_Company__c</controllingField>
        <restricted>true</restricted>
        <valueSetDefinition>
            <sorted>false</sorted>
            <value>
                <fullName>Customer</fullName>
                <default>false</default>
                <label>Customer</label>
            </value>
            <value>
                <fullName>Referrer Customer (Brand Ambassador)</fullName>
                <default>false</default>
                <label>Referrer Customer (Brand Ambassador)</label>
            </value>
            <value>
                <fullName>Defaulter</fullName>
                <default>false</default>
                <label>Defaulter</label>
            </value>
        </valueSetDefinition>
        <valueSettings>
            <controllingFieldValue>Customer</controllingFieldValue>
            <valueName>Customer</valueName>
        </valueSettings>
        <valueSettings>
            <controllingFieldValue>Customer</controllingFieldValue>
            <valueName>Referrer Customer (Brand Ambassador)</valueName>
        </valueSettings>
        <valueSettings>
            <controllingFieldValue>Customer</controllingFieldValue>
            <valueName>Defaulter</valueName>
        </valueSettings>
    </valueSet>
</CustomField>
