<?xml version="1.0" encoding="UTF-8"?>
<CustomField xmlns="http://soap.sforce.com/2006/04/metadata">
    <fullName>Contact_Source__c</fullName>
    <externalId>false</externalId>
    <label>Contact Source</label>
    <required>false</required>
    <trackFeedHistory>false</trackFeedHistory>
    <type>Picklist</type>
    <valueSet>
        <restricted>true</restricted>
        <valueSetDefinition>
            <sorted>false</sorted>
            <value>
                <fullName>Walkin</fullName>
                <default>false</default>
                <label>Walkin</label>
            </value>
            <value>
                <fullName>Advertisement</fullName>
                <default>false</default>
                <label>Advertisement</label>
            </value>
            <value>
                <fullName>Customer Event</fullName>
                <default>false</default>
                <label>Customer Event</label>
            </value>
            <value>
                <fullName>Employee Referral</fullName>
                <default>false</default>
                <label>Employee Referral</label>
            </value>
            <value>
                <fullName>Facebook</fullName>
                <default>false</default>
                <label>Facebook</label>
            </value>
            <value>
                <fullName>Google +</fullName>
                <default>false</default>
                <label>Google +</label>
            </value>
            <value>
                <fullName>Google AdWords</fullName>
                <default>false</default>
                <label>Google AdWords</label>
            </value>
            <value>
                <fullName>Instagram</fullName>
                <default>false</default>
                <label>Instagram</label>
            </value>
            <value>
                <fullName>Online Store</fullName>
                <default>false</default>
                <label>Online Store</label>
            </value>
            <value>
                <fullName>Other</fullName>
                <default>false</default>
                <label>Other</label>
            </value>
            <value>
                <fullName>Partner</fullName>
                <default>false</default>
                <label>Partner</label>
            </value>
            <value>
                <fullName>Public Relations</fullName>
                <default>false</default>
                <label>Public Relations</label>
            </value>
            <value>
                <fullName>Purchased List</fullName>
                <default>false</default>
                <label>Purchased List</label>
            </value>
            <value>
                <fullName>Referral</fullName>
                <default>false</default>
                <label>Referral</label>
            </value>
            <value>
                <fullName>Store</fullName>
                <default>false</default>
                <label>Store</label>
            </value>
            <value>
                <fullName>Trade Show</fullName>
                <default>false</default>
                <label>Trade Show</label>
            </value>
            <value>
                <fullName>Twitter</fullName>
                <default>false</default>
                <label>Twitter</label>
            </value>
            <value>
                <fullName>Webinar</fullName>
                <default>false</default>
                <label>Webinar</label>
            </value>
            <value>
                <fullName>Website</fullName>
                <default>false</default>
                <label>Website</label>
            </value>
        </valueSetDefinition>
    </valueSet>
</CustomField>
