<?xml version="1.0" encoding="UTF-8"?>
<CustomField xmlns="http://soap.sforce.com/2006/04/metadata">
    <fullName>Purchase_Choice_Grading__c</fullName>
    <externalId>false</externalId>
    <formula>IF( ISPICKVAL( Purchase_Choice__c , &quot;VB&quot;) ,&quot;A&quot;, IF( ISPICKVAL( Purchase_Choice__c , &quot;B&quot;) , &quot;B&quot;, IF( ISPICKVAL( Purchase_Choice__c , &quot;N&quot;) , &quot;C&quot;, &quot;N&quot;) ) )</formula>
    <inlineHelpText>Grades the Contact based on their Purchase Choice</inlineHelpText>
    <label>Purchase Choice Grading</label>
    <required>false</required>
    <type>Text</type>
    <unique>false</unique>
</CustomField>
