<?xml version="1.0" encoding="UTF-8"?>
<CustomField xmlns="http://soap.sforce.com/2006/04/metadata">
    <fullName>Purchase_Choice__c</fullName>
    <externalId>false</externalId>
    <label>Purchase Choice</label>
    <required>false</required>
    <trackFeedHistory>false</trackFeedHistory>
    <type>Picklist</type>
    <valueSet>
        <controllingField>Relationship_to_Company__c</controllingField>
        <restricted>true</restricted>
        <valueSetDefinition>
            <sorted>false</sorted>
            <value>
                <fullName>VB</fullName>
                <default>false</default>
                <label>VB</label>
            </value>
            <value>
                <fullName>B</fullName>
                <default>false</default>
                <label>B</label>
            </value>
            <value>
                <fullName>N</fullName>
                <default>false</default>
                <label>N</label>
            </value>
        </valueSetDefinition>
        <valueSettings>
            <controllingFieldValue>Customer</controllingFieldValue>
            <valueName>VB</valueName>
        </valueSettings>
        <valueSettings>
            <controllingFieldValue>Customer</controllingFieldValue>
            <valueName>B</valueName>
        </valueSettings>
        <valueSettings>
            <controllingFieldValue>Customer</controllingFieldValue>
            <valueName>N</valueName>
        </valueSettings>
    </valueSet>
</CustomField>
