<?xml version="1.0" encoding="UTF-8"?>
<CustomField xmlns="http://soap.sforce.com/2006/04/metadata">
    <fullName>Referral__c</fullName>
    <deleteConstraint>SetNull</deleteConstraint>
    <externalId>false</externalId>
    <label>Referrer</label>
    <referenceTo>Contact</referenceTo>
    <relationshipLabel>Contacts</relationshipLabel>
    <relationshipName>Contacts</relationshipName>
    <required>false</required>
    <trackFeedHistory>false</trackFeedHistory>
    <type>Lookup</type>
</CustomField>
