<?xml version="1.0" encoding="UTF-8"?>
<CustomField xmlns="http://soap.sforce.com/2006/04/metadata">
    <fullName>Relationship_Type__c</fullName>
    <externalId>false</externalId>
    <inlineHelpText>Select the Relationship of the Contact with the Account</inlineHelpText>
    <label>Relationship To Account</label>
    <required>false</required>
    <trackFeedHistory>false</trackFeedHistory>
    <type>Picklist</type>
    <valueSet>
        <restricted>true</restricted>
        <valueSetDefinition>
            <sorted>false</sorted>
            <value>
                <fullName>Self</fullName>
                <default>false</default>
                <label>Self</label>
            </value>
            <value>
                <fullName>Spouse</fullName>
                <default>false</default>
                <label>Spouse</label>
            </value>
            <value>
                <fullName>Father</fullName>
                <default>false</default>
                <label>Father</label>
            </value>
            <value>
                <fullName>Mother</fullName>
                <default>false</default>
                <label>Mother</label>
            </value>
            <value>
                <fullName>Son</fullName>
                <default>false</default>
                <label>Son</label>
            </value>
            <value>
                <fullName>Daughter</fullName>
                <default>false</default>
                <label>Daughter</label>
            </value>
            <value>
                <fullName>Sister</fullName>
                <default>false</default>
                <label>Sister</label>
            </value>
            <value>
                <fullName>Brother</fullName>
                <default>false</default>
                <label>Brother</label>
            </value>
            <value>
                <fullName>Daughter-in-law</fullName>
                <default>false</default>
                <label>Daughter-in-law</label>
            </value>
            <value>
                <fullName>Mother-in-law</fullName>
                <default>false</default>
                <label>Mother-in-law</label>
            </value>
            <value>
                <fullName>Sister-in-law</fullName>
                <default>false</default>
                <label>Sister-in-law</label>
            </value>
            <value>
                <fullName>Father-in-law</fullName>
                <default>false</default>
                <label>Father-in-law</label>
            </value>
            <value>
                <fullName>Brother-in-law</fullName>
                <default>false</default>
                <label>Brother-in-law</label>
            </value>
            <value>
                <fullName>Son-in-law</fullName>
                <default>false</default>
                <label>Son-in-law</label>
            </value>
            <value>
                <fullName>Cousin</fullName>
                <default>false</default>
                <label>Cousin</label>
            </value>
            <value>
                <fullName>Relative</fullName>
                <default>false</default>
                <label>Relative</label>
            </value>
            <value>
                <fullName>Friend</fullName>
                <default>false</default>
                <label>Friend</label>
            </value>
            <value>
                <fullName>Other</fullName>
                <default>false</default>
                <label>Other</label>
            </value>
        </valueSetDefinition>
    </valueSet>
</CustomField>
