<?xml version="1.0" encoding="UTF-8"?>
<CustomField xmlns="http://soap.sforce.com/2006/04/metadata">
    <fullName>Religion__c</fullName>
    <externalId>false</externalId>
    <label>Religion</label>
    <required>false</required>
    <trackFeedHistory>false</trackFeedHistory>
    <type>Picklist</type>
    <valueSet>
        <restricted>true</restricted>
        <valueSetDefinition>
            <sorted>false</sorted>
            <value>
                <fullName>Hindu</fullName>
                <default>false</default>
                <label>Hindu</label>
            </value>
            <value>
                <fullName>Muslim</fullName>
                <default>false</default>
                <label>Muslim</label>
            </value>
            <value>
                <fullName>Christian</fullName>
                <default>false</default>
                <label>Christian</label>
            </value>
            <value>
                <fullName>Other</fullName>
                <default>false</default>
                <label>Other</label>
            </value>
        </valueSetDefinition>
    </valueSet>
</CustomField>
