<?xml version="1.0" encoding="UTF-8"?>
<CustomField xmlns="http://soap.sforce.com/2006/04/metadata">
    <fullName>WhatsApp_Number_if_other_than_Mobile__c</fullName>
    <externalId>false</externalId>
    <inlineHelpText>Enter the WhatsApp Number of the Contact, if it is other than the Mobile Number
Enter the Number with Country Code</inlineHelpText>
    <label>WhatsApp Number</label>
    <required>false</required>
    <trackFeedHistory>false</trackFeedHistory>
    <type>Phone</type>
</CustomField>
