<?xml version="1.0" encoding="UTF-8"?>
<CustomApplication xmlns="http://soap.sforce.com/2006/04/metadata">
    <actionOverrides>
        <actionName>View</actionName>
        <comment>Action override created by Lightning App Builder during activation.</comment>
        <content>Account_Record_Page</content>
        <formFactor>Large</formFactor>
        <skipRecordTypeSelect>false</skipRecordTypeSelect>
        <type>Flexipage</type>
        <pageOrSobjectType>Account</pageOrSobjectType>
    </actionOverrides>
    <brand>
        <headerColor>#0070D2</headerColor>
        <logoVersion>1</logoVersion>
        <shouldOverrideOrgTheme>false</shouldOverrideOrgTheme>
    </brand>
    <description>Build stronger customer relationships, manage renewals, and stay organized.</description>
    <formFactors>Large</formFactors>
    <isNavAutoTempTabsDisabled>false</isNavAutoTempTabsDisabled>
    <isNavPersonalizationDisabled>false</isNavPersonalizationDisabled>
    <label>Relationship Management</label>
    <navType>Standard</navType>
    <tabs>standard-home</tabs>
    <tabs>standard-Account</tabs>
    <tabs>standard-Contact</tabs>
    <tabs>standard-Contract</tabs>
    <tabs>standard-Event</tabs>
    <tabs>standard-CollaborationGroup</tabs>
    <tabs>standard-ContentNote</tabs>
    <tabs>standard-Task</tabs>
    <tabs>Renewals__c</tabs>
    <tabs>Feedback__c</tabs>
    <tabs>Notice__c</tabs>
    <tabs>Approvals</tabs>
    <tabs>Product_Catalog</tabs>
    <uiType>Lightning</uiType>
    <utilityBar>Relationship_Management_UtilityBar</utilityBar>
</CustomApplication>
