<?xml version="1.0" encoding="UTF-8"?>
<CustomApplication xmlns="http://soap.sforce.com/2006/04/metadata">
    <formFactors>Large</formFactors>
    <isNavAutoTempTabsDisabled>false</isNavAutoTempTabsDisabled>
    <isNavPersonalizationDisabled>false</isNavPersonalizationDisabled>
    <label>LightningBolt</label>
    <navType>Standard</navType>
    <tabs>standard-LightningBoltHome</tabs>
    <tabs>Renewals__c</tabs>
    <tabs>Feedback__c</tabs>
    <tabs>Notice__c</tabs>
    <tabs>Approvals</tabs>
    <tabs>Product_Catalog</tabs>
    <uiType>Lightning</uiType>
    <utilityBar>LightningBolt_UtilityBar</utilityBar>
</CustomApplication>
