<?xml version="1.0" encoding="UTF-8"?>
<CustomApplication xmlns="http://soap.sforce.com/2006/04/metadata">
    <actionOverrides>
        <actionName>View</actionName>
        <comment>Action override created by Lightning App Builder during activation.</comment>
        <content>Account_Record_Page</content>
        <formFactor>Large</formFactor>
        <skipRecordTypeSelect>false</skipRecordTypeSelect>
        <type>Flexipage</type>
        <pageOrSobjectType>Account</pageOrSobjectType>
    </actionOverrides>
    <brand>
        <headerColor>#0070D2</headerColor>
        <logoVersion>1</logoVersion>
        <shouldOverrideOrgTheme>false</shouldOverrideOrgTheme>
    </brand>
    <description>Sell smarter and faster with the world&apos;s #1 CRM solution.</description>
    <formFactors>Large</formFactors>
    <isNavAutoTempTabsDisabled>false</isNavAutoTempTabsDisabled>
    <isNavPersonalizationDisabled>false</isNavPersonalizationDisabled>
    <label>Sales</label>
    <navType>Standard</navType>
    <tabs>standard-home</tabs>
    <tabs>sf_GsPilotV1__Getting_Started</tabs>
    <tabs>standard-Account</tabs>
    <tabs>standard-Contact</tabs>
    <tabs>standard-Lead</tabs>
    <tabs>standard-Opportunity</tabs>
    <tabs>standard-Task</tabs>
    <tabs>standard-Event</tabs>
    <tabs>standard-Dashboard</tabs>
    <tabs>standard-ContentNote</tabs>
    <tabs>standard-report</tabs>
    <tabs>standard-CollaborationGroup</tabs>
    <tabs>standard-Forecasting3</tabs>
    <tabs>standard-File</tabs>
    <tabs>standard-ListEmail</tabs>
    <tabs>standard-Quote</tabs>
    <tabs>standard-Feed</tabs>
    <tabs>Renewals__c</tabs>
    <tabs>Feedback__c</tabs>
    <tabs>Notice__c</tabs>
    <tabs>Approvals</tabs>
    <tabs>Product_Catalog</tabs>
    <uiType>Lightning</uiType>
    <utilityBar>Sales_UtilityBar</utilityBar>
</CustomApplication>
