<?xml version="1.0" encoding="UTF-8"?>
<CustomApplication xmlns="http://soap.sforce.com/2006/04/metadata">
    <defaultLandingTab>standard-AppLauncher</defaultLandingTab>
    <isNavAutoTempTabsDisabled>false</isNavAutoTempTabsDisabled>
    <isNavPersonalizationDisabled>false</isNavPersonalizationDisabled>
    <tabs>standard-AppLauncher</tabs>
    <tabs>standard-Quote</tabs>
    <tabs>Renewals__c</tabs>
    <tabs>Feedback__c</tabs>
    <tabs>Notice__c</tabs>
    <tabs>Approvals</tabs>
    <tabs>Product_Catalog</tabs>
</CustomApplication>
