{
  "status": 0,
  "result": [
    {
      "createdById": "0052w000007mbAqAAI",
      "createdByName": "Dhruv Chowdary",
      "createdDate": "2020-12-03T16:06:44.000Z",
      "fileName": "pages/smagicinteract__EndpointConfigPage.page",
      "fullName": "smagicinteract__EndpointConfigPage",
      "id": "0661s0000000e4oAAA",
      "lastModifiedById": "0052w000007mbAqAAI",
      "lastModifiedByName": "Dhruv Chowdary",
      "lastModifiedDate": "2020-12-03T16:11:53.000Z",
      "manageableState": "installed",
      "namespacePrefix": "smagicinteract",
      "type": "ApexPage"
    },
    {
      "createdById": "0052w000007mbAqAAI",
      "createdByName": "Dhruv Chowdary",
      "createdDate": "2020-12-03T16:06:48.000Z",
      "fileName": "pages/smagicinteract__SingleSMS_Lead.page",
      "fullName": "smagicinteract__SingleSMS_Lead",
      "id": "0661s0000000e5MAAQ",
      "lastModifiedById": "0052w000007mbAqAAI",
      "lastModifiedByName": "Dhruv Chowdary",
      "lastModifiedDate": "2020-12-03T16:06:48.000Z",
      "manageableState": "installed",
      "namespacePrefix": "smagicinteract",
      "type": "ApexPage"
    },
    {
      "createdById": "0052w000007mbAqAAI",
      "createdByName": "Dhruv Chowdary",
      "createdDate": "2020-12-03T16:06:47.000Z",
      "fileName": "pages/smagicinteract__SMSMagicConfig.page",
      "fullName": "smagicinteract__SMSMagicConfig",
      "id": "0661s0000000e5EAAQ",
      "lastModifiedById": "0052w000007mbAqAAI",
      "lastModifiedByName": "Dhruv Chowdary",
      "lastModifiedDate": "2020-12-03T16:06:47.000Z",
      "manageableState": "installed",
      "namespacePrefix": "smagicinteract",
      "type": "ApexPage"
    },
    {
      "createdById": "0052w0000076UZhAAM",
      "createdByName": "Anand Gupta",
      "createdDate": "2020-10-07T06:57:19.000Z",
      "fileName": "pages/sf_GsPilotV1__Getting_Started.page",
      "fullName": "sf_GsPilotV1__Getting_Started",
      "id": "0662w000009z6WYAAY",
      "lastModifiedById": "0052w0000076UZhAAM",
      "lastModifiedByName": "Anand Gupta",
      "lastModifiedDate": "2020-10-07T06:57:19.000Z",
      "manageableState": "installed",
      "namespacePrefix": "sf_GsPilotV1",
      "type": "ApexPage"
    },
    {
      "createdById": "0052w000007mbAqAAI",
      "createdByName": "Dhruv Chowdary",
      "createdDate": "2020-12-03T16:27:29.000Z",
      "fileName": "pages/BulkSMS_Case.page",
      "fullName": "BulkSMS_Case",
      "id": "0661s0000000e5aAAA",
      "lastModifiedById": "0052w000007mbAqAAI",
      "lastModifiedByName": "Dhruv Chowdary",
      "lastModifiedDate": "2020-12-03T16:27:29.000Z",
      "manageableState": "unmanaged",
      "type": "ApexPage"
    },
    {
      "createdById": "0052w000007mbAqAAI",
      "createdByName": "Dhruv Chowdary",
      "createdDate": "2020-12-03T16:06:45.000Z",
      "fileName": "pages/smagicinteract__IncomingSMS.page",
      "fullName": "smagicinteract__IncomingSMS",
      "id": "0661s0000000e4wAAA",
      "lastModifiedById": "0052w000007mbAqAAI",
      "lastModifiedByName": "Dhruv Chowdary",
      "lastModifiedDate": "2020-12-03T16:11:56.000Z",
      "manageableState": "installed",
      "namespacePrefix": "smagicinteract",
      "type": "ApexPage"
    },
    {
      "createdById": "0052w000007mbAqAAI",
      "createdByName": "Dhruv Chowdary",
      "createdDate": "2020-12-16T15:54:00.000Z",
      "fileName": "pages/Conversation1.page",
      "fullName": "Conversation1",
      "id": "0661s0000000g5gAAA",
      "lastModifiedById": "0052w000007mbAqAAI",
      "lastModifiedByName": "Dhruv Chowdary",
      "lastModifiedDate": "2020-12-18T11:47:58.000Z",
      "manageableState": "unmanaged",
      "type": "ApexPage"
    },
    {
      "createdById": "0052w000007mbAqAAI",
      "createdByName": "Dhruv Chowdary",
      "createdDate": "2021-08-29T13:33:52.000Z",
      "fileName": "pages/sdjxsnka.page",
      "fullName": "sdjxsnka",
      "id": "0661s0000001JLnAAM",
      "lastModifiedById": "0052w000007mbAqAAI",
      "lastModifiedByName": "Dhruv Chowdary",
      "lastModifiedDate": "2021-08-29T13:33:57.000Z",
      "manageableState": "unmanaged",
      "type": "ApexPage"
    },
    {
      "createdById": "0052w000007mbAqAAI",
      "createdByName": "Dhruv Chowdary",
      "createdDate": "2020-12-03T16:06:47.000Z",
      "fileName": "pages/smagicinteract__Routing_Container.page",
      "fullName": "smagicinteract__Routing_Container",
      "id": "0661s0000000e5CAAQ",
      "lastModifiedById": "0052w000007mbAqAAI",
      "lastModifiedByName": "Dhruv Chowdary",
      "lastModifiedDate": "2020-12-03T16:12:04.000Z",
      "manageableState": "installed",
      "namespacePrefix": "smagicinteract",
      "type": "ApexPage"
    },
    {
      "createdById": "0052w000007mbAqAAI",
      "createdByName": "Dhruv Chowdary",
      "createdDate": "2020-12-03T16:27:29.000Z",
      "fileName": "pages/Conversation_Lead.page",
      "fullName": "Conversation_Lead",
      "id": "0661s0000000e5fAAA",
      "lastModifiedById": "0052w000007mbAqAAI",
      "lastModifiedByName": "Dhruv Chowdary",
      "lastModifiedDate": "2020-12-03T16:27:29.000Z",
      "manageableState": "unmanaged",
      "type": "ApexPage"
    },
    {
      "createdById": "0052w000007mbAqAAI",
      "createdByName": "Dhruv Chowdary",
      "createdDate": "2020-12-03T16:06:45.000Z",
      "fileName": "pages/smagicinteract__FeedbackPage.page",
      "fullName": "smagicinteract__FeedbackPage",
      "id": "0661s0000000e4rAAA",
      "lastModifiedById": "0052w000007mbAqAAI",
      "lastModifiedByName": "Dhruv Chowdary",
      "lastModifiedDate": "2020-12-03T16:06:45.000Z",
      "manageableState": "installed",
      "namespacePrefix": "smagicinteract",
      "type": "ApexPage"
    },
    {
      "createdById": "0052w000007mbAqAAI",
      "createdByName": "Dhruv Chowdary",
      "createdDate": "2020-12-03T16:06:45.000Z",
      "fileName": "pages/smagicinteract__IncomingLookupPage.page",
      "fullName": "smagicinteract__IncomingLookupPage",
      "id": "0661s0000000e4vAAA",
      "lastModifiedById": "0052w000007mbAqAAI",
      "lastModifiedByName": "Dhruv Chowdary",
      "lastModifiedDate": "2020-12-03T16:11:55.000Z",
      "manageableState": "installed",
      "namespacePrefix": "smagicinteract",
      "type": "ApexPage"
    },
    {
      "createdById": "0052w000007mbAqAAI",
      "createdByName": "Dhruv Chowdary",
      "createdDate": "2020-12-03T16:27:28.000Z",
      "fileName": "pages/ConsentList_Case.page",
      "fullName": "ConsentList_Case",
      "id": "0661s0000000e5UAAQ",
      "lastModifiedById": "0052w000007mbAqAAI",
      "lastModifiedByName": "Dhruv Chowdary",
      "lastModifiedDate": "2020-12-03T16:27:28.000Z",
      "manageableState": "unmanaged",
      "type": "ApexPage"
    },
    {
      "createdById": "0052w000007mbAqAAI",
      "createdByName": "Dhruv Chowdary",
      "createdDate": "2020-12-03T16:06:44.000Z",
      "fileName": "pages/smagicinteract__ConversationView.page",
      "fullName": "smagicinteract__ConversationView",
      "id": "0661s0000000e4gAAA",
      "lastModifiedById": "0052w000007mbAqAAI",
      "lastModifiedByName": "Dhruv Chowdary",
      "lastModifiedDate": "2020-12-03T16:11:52.000Z",
      "manageableState": "installed",
      "namespacePrefix": "smagicinteract",
      "type": "ApexPage"
    },
    {
      "createdById": "0052w000007mbAqAAI",
      "createdByName": "Dhruv Chowdary",
      "createdDate": "2020-12-03T16:27:29.000Z",
      "fileName": "pages/ConsentList_Lead.page",
      "fullName": "ConsentList_Lead",
      "id": "0661s0000000e5eAAA",
      "lastModifiedById": "0052w000007mbAqAAI",
      "lastModifiedByName": "Dhruv Chowdary",
      "lastModifiedDate": "2020-12-03T16:27:29.000Z",
      "manageableState": "unmanaged",
      "type": "ApexPage"
    },
    {
      "createdById": "0052w000007mbAqAAI",
      "createdByName": "Dhruv Chowdary",
      "createdDate": "2020-12-03T16:06:44.000Z",
      "fileName": "pages/smagicinteract__CreateProgram.page",
      "fullName": "smagicinteract__CreateProgram",
      "id": "0661s0000000e4kAAA",
      "lastModifiedById": "0052w000007mbAqAAI",
      "lastModifiedByName": "Dhruv Chowdary",
      "lastModifiedDate": "2020-12-03T16:11:52.000Z",
      "manageableState": "installed",
      "namespacePrefix": "smagicinteract",
      "type": "ApexPage"
    },
    {
      "createdById": "0052w000007mbAqAAI",
      "createdByName": "Dhruv Chowdary",
      "createdDate": "2020-12-03T16:06:47.000Z",
      "fileName": "pages/smagicinteract__ReschedulePage.page",
      "fullName": "smagicinteract__ReschedulePage",
      "id": "0661s0000000e5BAAQ",
      "lastModifiedById": "0052w000007mbAqAAI",
      "lastModifiedByName": "Dhruv Chowdary",
      "lastModifiedDate": "2020-12-03T16:12:03.000Z",
      "manageableState": "installed",
      "namespacePrefix": "smagicinteract",
      "type": "ApexPage"
    },
    {
      "createdById": "0052w000007mbAqAAI",
      "createdByName": "Dhruv Chowdary",
      "createdDate": "2020-12-03T16:06:46.000Z",
      "fileName": "pages/smagicinteract__RedirectPage.page",
      "fullName": "smagicinteract__RedirectPage",
      "id": "0661s0000000e5AAAQ",
      "lastModifiedById": "0052w000007mbAqAAI",
      "lastModifiedByName": "Dhruv Chowdary",
      "lastModifiedDate": "2020-12-03T16:12:01.000Z",
      "manageableState": "installed",
      "namespacePrefix": "smagicinteract",
      "type": "ApexPage"
    },
    {
      "createdById": "0052w000007mbAqAAI",
      "createdByName": "Dhruv Chowdary",
      "createdDate": "2020-12-03T16:06:48.000Z",
      "fileName": "pages/smagicinteract__videoPreview.page",
      "fullName": "smagicinteract__videoPreview",
      "id": "0661s0000000e5RAAQ",
      "lastModifiedById": "0052w000007mbAqAAI",
      "lastModifiedByName": "Dhruv Chowdary",
      "lastModifiedDate": "2020-12-03T16:06:48.000Z",
      "manageableState": "installed",
      "namespacePrefix": "smagicinteract",
      "type": "ApexPage"
    },
    {
      "createdById": "0052w000007mbAqAAI",
      "createdByName": "Dhruv Chowdary",
      "createdDate": "2020-12-03T16:27:29.000Z",
      "fileName": "pages/Conversation_Case.page",
      "fullName": "Conversation_Case",
      "id": "0661s0000000e5VAAQ",
      "lastModifiedById": "0052w000007mbAqAAI",
      "lastModifiedByName": "Dhruv Chowdary",
      "lastModifiedDate": "2020-12-03T16:27:29.000Z",
      "manageableState": "unmanaged",
      "type": "ApexPage"
    },
    {
      "createdById": "0052w000007mbAqAAI",
      "createdByName": "Dhruv Chowdary",
      "createdDate": "2020-12-03T16:06:44.000Z",
      "fileName": "pages/smagicinteract__DefaultSenderIdPage.page",
      "fullName": "smagicinteract__DefaultSenderIdPage",
      "id": "0661s0000000e4nAAA",
      "lastModifiedById": "0052w000007mbAqAAI",
      "lastModifiedByName": "Dhruv Chowdary",
      "lastModifiedDate": "2020-12-03T16:11:53.000Z",
      "manageableState": "installed",
      "namespacePrefix": "smagicinteract",
      "type": "ApexPage"
    },
    {
      "createdById": "0052w000007mbAqAAI",
      "createdByName": "Dhruv Chowdary",
      "createdDate": "2020-12-03T16:06:45.000Z",
      "fileName": "pages/smagicinteract__ListViewConfigPage.page",
      "fullName": "smagicinteract__ListViewConfigPage",
      "id": "0661s0000000e4xAAA",
      "lastModifiedById": "0052w000007mbAqAAI",
      "lastModifiedByName": "Dhruv Chowdary",
      "lastModifiedDate": "2020-12-03T16:11:57.000Z",
      "manageableState": "installed",
      "namespacePrefix": "smagicinteract",
      "type": "ApexPage"
    },
    {
      "createdById": "0052w000007mbAqAAI",
      "createdByName": "Dhruv Chowdary",
      "createdDate": "2021-08-14T17:38:52.000Z",
      "fileName": "pages/ProductCatalogApp.page",
      "fullName": "ProductCatalogApp",
      "id": "0661s0000001H28AAE",
      "lastModifiedById": "0052w000007mbAqAAI",
      "lastModifiedByName": "Dhruv Chowdary",
      "lastModifiedDate": "2021-08-15T13:07:39.000Z",
      "manageableState": "unmanaged",
      "type": "ApexPage"
    },
    {
      "createdById": "0052w000007mbAqAAI",
      "createdByName": "Dhruv Chowdary",
      "createdDate": "2020-12-03T16:06:43.000Z",
      "fileName": "pages/smagicinteract__BulkSMS_Contact.page",
      "fullName": "smagicinteract__BulkSMS_Contact",
      "id": "0661s0000000e4YAAQ",
      "lastModifiedById": "0052w000007mbAqAAI",
      "lastModifiedByName": "Dhruv Chowdary",
      "lastModifiedDate": "2020-12-03T16:06:43.000Z",
      "manageableState": "installed",
      "namespacePrefix": "smagicinteract",
      "type": "ApexPage"
    },
    {
      "createdById": "0052w000007mbAqAAI",
      "createdByName": "Dhruv Chowdary",
      "createdDate": "2020-12-03T16:06:47.000Z",
      "fileName": "pages/smagicinteract__SMHome.page",
      "fullName": "smagicinteract__SMHome",
      "id": "0661s0000000e5DAAQ",
      "lastModifiedById": "0052w000007mbAqAAI",
      "lastModifiedByName": "Dhruv Chowdary",
      "lastModifiedDate": "2020-12-03T16:12:04.000Z",
      "manageableState": "installed",
      "namespacePrefix": "smagicinteract",
      "type": "ApexPage"
    },
    {
      "createdById": "0052w000007mbAqAAI",
      "createdByName": "Dhruv Chowdary",
      "createdDate": "2020-12-03T16:27:29.000Z",
      "fileName": "pages/ConsentList_Contact.page",
      "fullName": "ConsentList_Contact",
      "id": "0661s0000000e5dAAA",
      "lastModifiedById": "0052w000007mbAqAAI",
      "lastModifiedByName": "Dhruv Chowdary",
      "lastModifiedDate": "2020-12-03T16:27:29.000Z",
      "manageableState": "unmanaged",
      "type": "ApexPage"
    },
    {
      "createdById": "0052w000007mbAqAAI",
      "createdByName": "Dhruv Chowdary",
      "createdDate": "2020-12-03T16:06:44.000Z",
      "fileName": "pages/smagicinteract__ErrorPage.page",
      "fullName": "smagicinteract__ErrorPage",
      "id": "0661s0000000e4pAAA",
      "lastModifiedById": "0052w000007mbAqAAI",
      "lastModifiedByName": "Dhruv Chowdary",
      "lastModifiedDate": "2020-12-03T16:11:53.000Z",
      "manageableState": "installed",
      "namespacePrefix": "smagicinteract",
      "type": "ApexPage"
    },
    {
      "createdById": "0052w000007mbAqAAI",
      "createdByName": "Dhruv Chowdary",
      "createdDate": "2020-12-03T16:06:44.000Z",
      "fileName": "pages/smagicinteract__Dashboard.page",
      "fullName": "smagicinteract__Dashboard",
      "id": "0661s0000000e4lAAA",
      "lastModifiedById": "0052w000007mbAqAAI",
      "lastModifiedByName": "Dhruv Chowdary",
      "lastModifiedDate": "2020-12-03T16:11:52.000Z",
      "manageableState": "installed",
      "namespacePrefix": "smagicinteract",
      "type": "ApexPage"
    },
    {
      "createdById": "0052w000007mbAqAAI",
      "createdByName": "Dhruv Chowdary",
      "createdDate": "2020-12-03T16:06:45.000Z",
      "fileName": "pages/smagicinteract__LookupConfigAction.page",
      "fullName": "smagicinteract__LookupConfigAction",
      "id": "0661s0000000e4zAAA",
      "lastModifiedById": "0052w000007mbAqAAI",
      "lastModifiedByName": "Dhruv Chowdary",
      "lastModifiedDate": "2020-12-03T16:06:45.000Z",
      "manageableState": "installed",
      "namespacePrefix": "smagicinteract",
      "type": "ApexPage"
    },
    {
      "createdById": "0052w000007mbAqAAI",
      "createdByName": "Dhruv Chowdary",
      "createdDate": "2020-12-03T16:06:44.000Z",
      "fileName": "pages/smagicinteract__ChatPage.page",
      "fullName": "smagicinteract__ChatPage",
      "id": "0661s0000000e4dAAA",
      "lastModifiedById": "0052w000007mbAqAAI",
      "lastModifiedByName": "Dhruv Chowdary",
      "lastModifiedDate": "2020-12-03T16:11:51.000Z",
      "manageableState": "installed",
      "namespacePrefix": "smagicinteract",
      "type": "ApexPage"
    },
    {
      "createdById": "0052w000007mbAqAAI",
      "createdByName": "Dhruv Chowdary",
      "createdDate": "2020-12-03T16:06:44.000Z",
      "fileName": "pages/smagicinteract__Conversation.page",
      "fullName": "smagicinteract__Conversation",
      "id": "0661s0000000e4fAAA",
      "lastModifiedById": "0052w000007mbAqAAI",
      "lastModifiedByName": "Dhruv Chowdary",
      "lastModifiedDate": "2020-12-03T16:06:44.000Z",
      "manageableState": "installed",
      "namespacePrefix": "smagicinteract",
      "type": "ApexPage"
    },
    {
      "createdById": "0051s000001FMIzAAO",
      "createdByName": "Prasan",
      "createdDate": "2021-04-02T08:19:45.000Z",
      "fileName": "pages/ProductCatalogNewWindow.page",
      "fullName": "ProductCatalogNewWindow",
      "id": "0661s0000000vPLAAY",
      "lastModifiedById": "0051s000001FMIzAAO",
      "lastModifiedByName": "Prasan",
      "lastModifiedDate": "2021-04-02T08:26:47.000Z",
      "manageableState": "unmanaged",
      "type": "ApexPage"
    },
    {
      "createdById": "0052w000007mbAqAAI",
      "createdByName": "Dhruv Chowdary",
      "createdDate": "2020-12-03T16:06:47.000Z",
      "fileName": "pages/smagicinteract__SMS_Insight.page",
      "fullName": "smagicinteract__SMS_Insight",
      "id": "0661s0000000e5GAAQ",
      "lastModifiedById": "0052w000007mbAqAAI",
      "lastModifiedByName": "Dhruv Chowdary",
      "lastModifiedDate": "2020-12-03T16:06:47.000Z",
      "manageableState": "installed",
      "namespacePrefix": "smagicinteract",
      "type": "ApexPage"
    },
    {
      "createdById": "0052w000007mbAqAAI",
      "createdByName": "Dhruv Chowdary",
      "createdDate": "2020-12-03T16:06:44.000Z",
      "fileName": "pages/smagicinteract__DataMigration.page",
      "fullName": "smagicinteract__DataMigration",
      "id": "0661s0000000e4mAAA",
      "lastModifiedById": "0052w000007mbAqAAI",
      "lastModifiedByName": "Dhruv Chowdary",
      "lastModifiedDate": "2020-12-03T16:06:44.000Z",
      "manageableState": "installed",
      "namespacePrefix": "smagicinteract",
      "type": "ApexPage"
    },
    {
      "createdById": "0052w000007mbAqAAI",
      "createdByName": "Dhruv Chowdary",
      "createdDate": "2020-12-03T16:06:48.000Z",
      "fileName": "pages/smagicinteract__protectedSettings.page",
      "fullName": "smagicinteract__protectedSettings",
      "id": "0661s0000000e5QAAQ",
      "lastModifiedById": "0052w000007mbAqAAI",
      "lastModifiedByName": "Dhruv Chowdary",
      "lastModifiedDate": "2020-12-03T16:12:06.000Z",
      "manageableState": "installed",
      "namespacePrefix": "smagicinteract",
      "type": "ApexPage"
    },
    {
      "createdById": "0052w000007mbAqAAI",
      "createdByName": "Dhruv Chowdary",
      "createdDate": "2020-12-03T16:06:46.000Z",
      "fileName": "pages/smagicinteract__OptoutSettingsPage.page",
      "fullName": "smagicinteract__OptoutSettingsPage",
      "id": "0661s0000000e54AAA",
      "lastModifiedById": "0052w000007mbAqAAI",
      "lastModifiedByName": "Dhruv Chowdary",
      "lastModifiedDate": "2020-12-03T16:12:00.000Z",
      "manageableState": "installed",
      "namespacePrefix": "smagicinteract",
      "type": "ApexPage"
    },
    {
      "createdById": "0051s000001FMIzAAO",
      "createdByName": "Prasan",
      "createdDate": "2021-03-04T10:36:42.000Z",
      "fileName": "pages/BulkApprovals.page",
      "fullName": "BulkApprovals",
      "id": "0661s0000000q8QAAQ",
      "lastModifiedById": "0051s000001FMIzAAO",
      "lastModifiedByName": "Prasan",
      "lastModifiedDate": "2021-05-01T06:28:02.000Z",
      "manageableState": "unmanaged",
      "type": "ApexPage"
    },
    {
      "createdById": "0052w000007mbAqAAI",
      "createdByName": "Dhruv Chowdary",
      "createdDate": "2020-12-03T16:06:46.000Z",
      "fileName": "pages/smagicinteract__ProgramTemplateSetup.page",
      "fullName": "smagicinteract__ProgramTemplateSetup",
      "id": "0661s0000000e57AAA",
      "lastModifiedById": "0052w000007mbAqAAI",
      "lastModifiedByName": "Dhruv Chowdary",
      "lastModifiedDate": "2020-12-03T16:12:01.000Z",
      "manageableState": "installed",
      "namespacePrefix": "smagicinteract",
      "type": "ApexPage"
    },
    {
      "createdById": "0052w000007mbAqAAI",
      "createdByName": "Dhruv Chowdary",
      "createdDate": "2021-09-25T19:16:23.000Z",
      "fileName": "pages/SessionId.page",
      "fullName": "SessionId",
      "id": "0661s0000001MqMAAU",
      "lastModifiedById": "0052w000007mbAqAAI",
      "lastModifiedByName": "Dhruv Chowdary",
      "lastModifiedDate": "2021-09-30T08:25:24.000Z",
      "manageableState": "unmanaged",
      "type": "ApexPage"
    },
    {
      "createdById": "0052w000007mbAqAAI",
      "createdByName": "Dhruv Chowdary",
      "createdDate": "2020-12-03T16:27:29.000Z",
      "fileName": "pages/BulkSMS_Lead.page",
      "fullName": "BulkSMS_Lead",
      "id": "0661s0000000e5bAAA",
      "lastModifiedById": "0052w000007mbAqAAI",
      "lastModifiedByName": "Dhruv Chowdary",
      "lastModifiedDate": "2020-12-03T16:27:29.000Z",
      "manageableState": "unmanaged",
      "type": "ApexPage"
    },
    {
      "createdById": "0052w000007mbAqAAI",
      "createdByName": "Dhruv Chowdary",
      "createdDate": "2020-12-03T16:06:47.000Z",
      "fileName": "pages/smagicinteract__SidebarConversation.page",
      "fullName": "smagicinteract__SidebarConversation",
      "id": "0661s0000000e5KAAQ",
      "lastModifiedById": "0052w000007mbAqAAI",
      "lastModifiedByName": "Dhruv Chowdary",
      "lastModifiedDate": "2020-12-03T16:06:47.000Z",
      "manageableState": "installed",
      "namespacePrefix": "smagicinteract",
      "type": "ApexPage"
    },
    {
      "createdById": "0052w000007mbAqAAI",
      "createdByName": "Dhruv Chowdary",
      "createdDate": "2020-12-03T16:06:47.000Z",
      "fileName": "pages/smagicinteract__SenderIdConfigPage.page",
      "fullName": "smagicinteract__SenderIdConfigPage",
      "id": "0661s0000000e5IAAQ",
      "lastModifiedById": "0052w000007mbAqAAI",
      "lastModifiedByName": "Dhruv Chowdary",
      "lastModifiedDate": "2020-12-03T16:12:05.000Z",
      "manageableState": "installed",
      "namespacePrefix": "smagicinteract",
      "type": "ApexPage"
    },
    {
      "createdById": "0052w000007mbAqAAI",
      "createdByName": "Dhruv Chowdary",
      "createdDate": "2020-12-03T16:06:48.000Z",
      "fileName": "pages/smagicinteract__newCustomTask.page",
      "fullName": "smagicinteract__newCustomTask",
      "id": "0661s0000000e5PAAQ",
      "lastModifiedById": "0052w000007mbAqAAI",
      "lastModifiedByName": "Dhruv Chowdary",
      "lastModifiedDate": "2020-12-03T16:06:48.000Z",
      "manageableState": "installed",
      "namespacePrefix": "smagicinteract",
      "type": "ApexPage"
    },
    {
      "createdById": "0052w000007mbAqAAI",
      "createdByName": "Dhruv Chowdary",
      "createdDate": "2020-12-03T16:06:46.000Z",
      "fileName": "pages/smagicinteract__Programs.page",
      "fullName": "smagicinteract__Programs",
      "id": "0661s0000000e58AAA",
      "lastModifiedById": "0052w000007mbAqAAI",
      "lastModifiedByName": "Dhruv Chowdary",
      "lastModifiedDate": "2020-12-03T16:12:01.000Z",
      "manageableState": "installed",
      "namespacePrefix": "smagicinteract",
      "type": "ApexPage"
    },
    {
      "createdById": "0052w000007mbAqAAI",
      "createdByName": "Dhruv Chowdary",
      "createdDate": "2020-12-03T16:06:47.000Z",
      "fileName": "pages/smagicinteract__SendSMSAction.page",
      "fullName": "smagicinteract__SendSMSAction",
      "id": "0661s0000000e5HAAQ",
      "lastModifiedById": "0052w000007mbAqAAI",
      "lastModifiedByName": "Dhruv Chowdary",
      "lastModifiedDate": "2020-12-03T16:06:47.000Z",
      "manageableState": "installed",
      "namespacePrefix": "smagicinteract",
      "type": "ApexPage"
    },
    {
      "createdById": "0052w000007mbAqAAI",
      "createdByName": "Dhruv Chowdary",
      "createdDate": "2020-12-03T16:06:45.000Z",
      "fileName": "pages/smagicinteract__MessageObjectConfigPage.page",
      "fullName": "smagicinteract__MessageObjectConfigPage",
      "id": "0661s0000000e50AAA",
      "lastModifiedById": "0052w000007mbAqAAI",
      "lastModifiedByName": "Dhruv Chowdary",
      "lastModifiedDate": "2020-12-03T16:11:58.000Z",
      "manageableState": "installed",
      "namespacePrefix": "smagicinteract",
      "type": "ApexPage"
    },
    {
      "createdById": "0052w000007mbAqAAI",
      "createdByName": "Dhruv Chowdary",
      "createdDate": "2020-12-03T16:06:45.000Z",
      "fileName": "pages/smagicinteract__IncomingAlertConfigurationPage.page",
      "fullName": "smagicinteract__IncomingAlertConfigurationPage",
      "id": "0661s0000000e4tAAA",
      "lastModifiedById": "0052w000007mbAqAAI",
      "lastModifiedByName": "Dhruv Chowdary",
      "lastModifiedDate": "2020-12-03T16:11:55.000Z",
      "manageableState": "installed",
      "namespacePrefix": "smagicinteract",
      "type": "ApexPage"
    },
    {
      "createdById": "0052w000007mbAqAAI",
      "createdByName": "Dhruv Chowdary",
      "createdDate": "2020-12-03T16:06:46.000Z",
      "fileName": "pages/smagicinteract__ProgramActionSetup.page",
      "fullName": "smagicinteract__ProgramActionSetup",
      "id": "0661s0000000e56AAA",
      "lastModifiedById": "0052w000007mbAqAAI",
      "lastModifiedByName": "Dhruv Chowdary",
      "lastModifiedDate": "2020-12-03T16:12:01.000Z",
      "manageableState": "installed",
      "namespacePrefix": "smagicinteract",
      "type": "ApexPage"
    },
    {
      "createdById": "0052w000007mbAqAAI",
      "createdByName": "Dhruv Chowdary",
      "createdDate": "2020-12-03T16:06:47.000Z",
      "fileName": "pages/smagicinteract__SetupWizard.page",
      "fullName": "smagicinteract__SetupWizard",
      "id": "0661s0000000e5JAAQ",
      "lastModifiedById": "0052w000007mbAqAAI",
      "lastModifiedByName": "Dhruv Chowdary",
      "lastModifiedDate": "2020-12-03T16:12:06.000Z",
      "manageableState": "installed",
      "namespacePrefix": "smagicinteract",
      "type": "ApexPage"
    },
    {
      "createdById": "0052w000007mbAqAAI",
      "createdByName": "Dhruv Chowdary",
      "createdDate": "2020-12-03T16:27:29.000Z",
      "fileName": "pages/Conversation_Contact.page",
      "fullName": "Conversation_Contact",
      "id": "0661s0000000e5ZAAQ",
      "lastModifiedById": "0052w000007mbAqAAI",
      "lastModifiedByName": "Dhruv Chowdary",
      "lastModifiedDate": "2020-12-03T16:27:29.000Z",
      "manageableState": "unmanaged",
      "type": "ApexPage"
    },
    {
      "createdById": "0052w000007mbAqAAI",
      "createdByName": "Dhruv Chowdary",
      "createdDate": "2020-12-03T16:06:47.000Z",
      "fileName": "pages/smagicinteract__SMSMagicHelp.page",
      "fullName": "smagicinteract__SMSMagicHelp",
      "id": "0661s0000000e5FAAQ",
      "lastModifiedById": "0052w000007mbAqAAI",
      "lastModifiedByName": "Dhruv Chowdary",
      "lastModifiedDate": "2020-12-03T16:06:47.000Z",
      "manageableState": "installed",
      "namespacePrefix": "smagicinteract",
      "type": "ApexPage"
    },
    {
      "createdById": "0052w000007mbAqAAI",
      "createdByName": "Dhruv Chowdary",
      "createdDate": "2020-12-03T16:06:45.000Z",
      "fileName": "pages/smagicinteract__NewSMS.page",
      "fullName": "smagicinteract__NewSMS",
      "id": "0661s0000000e52AAA",
      "lastModifiedById": "0052w000007mbAqAAI",
      "lastModifiedByName": "Dhruv Chowdary",
      "lastModifiedDate": "2020-12-03T16:11:59.000Z",
      "manageableState": "installed",
      "namespacePrefix": "smagicinteract",
      "type": "ApexPage"
    },
    {
      "createdById": "0052w000007mbAqAAI",
      "createdByName": "Dhruv Chowdary",
      "createdDate": "2020-12-03T16:06:43.000Z",
      "fileName": "pages/smagicinteract__BulkSMS_Lead.page",
      "fullName": "smagicinteract__BulkSMS_Lead",
      "id": "0661s0000000e4ZAAQ",
      "lastModifiedById": "0052w000007mbAqAAI",
      "lastModifiedByName": "Dhruv Chowdary",
      "lastModifiedDate": "2020-12-03T16:06:43.000Z",
      "manageableState": "installed",
      "namespacePrefix": "smagicinteract",
      "type": "ApexPage"
    },
    {
      "createdById": "0052w000007mbAqAAI",
      "createdByName": "Dhruv Chowdary",
      "createdDate": "2020-12-03T16:27:29.000Z",
      "fileName": "pages/SingleSMS_Case.page",
      "fullName": "SingleSMS_Case",
      "id": "0661s0000000e5XAAQ",
      "lastModifiedById": "0052w000007mbAqAAI",
      "lastModifiedByName": "Dhruv Chowdary",
      "lastModifiedDate": "2020-12-03T16:27:29.000Z",
      "manageableState": "unmanaged",
      "type": "ApexPage"
    },
    {
      "createdById": "0052w000007mbAqAAI",
      "createdByName": "Dhruv Chowdary",
      "createdDate": "2020-12-03T16:06:42.000Z",
      "fileName": "pages/smagicinteract__BulkPage.page",
      "fullName": "smagicinteract__BulkPage",
      "id": "0661s0000000e4XAAQ",
      "lastModifiedById": "0052w000007mbAqAAI",
      "lastModifiedByName": "Dhruv Chowdary",
      "lastModifiedDate": "2020-12-03T16:11:45.000Z",
      "manageableState": "installed",
      "namespacePrefix": "smagicinteract",
      "type": "ApexPage"
    },
    {
      "createdById": "0052w000007mbAqAAI",
      "createdByName": "Dhruv Chowdary",
      "createdDate": "2020-12-03T16:06:45.000Z",
      "fileName": "pages/smagicinteract__IncomingForwardConfig.page",
      "fullName": "smagicinteract__IncomingForwardConfig",
      "id": "0661s0000000e4uAAA",
      "lastModifiedById": "0052w000007mbAqAAI",
      "lastModifiedByName": "Dhruv Chowdary",
      "lastModifiedDate": "2020-12-03T16:06:45.000Z",
      "manageableState": "installed",
      "namespacePrefix": "smagicinteract",
      "type": "ApexPage"
    },
    {
      "createdById": "0052w000007mbAqAAI",
      "createdByName": "Dhruv Chowdary",
      "createdDate": "2020-12-03T16:06:46.000Z",
      "fileName": "pages/smagicinteract__Popup.page",
      "fullName": "smagicinteract__Popup",
      "id": "0661s0000000e55AAA",
      "lastModifiedById": "0052w000007mbAqAAI",
      "lastModifiedByName": "Dhruv Chowdary",
      "lastModifiedDate": "2020-12-03T16:12:00.000Z",
      "manageableState": "installed",
      "namespacePrefix": "smagicinteract",
      "type": "ApexPage"
    },
    {
      "createdById": "0052w000007mbAqAAI",
      "createdByName": "Dhruv Chowdary",
      "createdDate": "2020-12-03T16:06:43.000Z",
      "fileName": "pages/smagicinteract__BulkSendSMS.page",
      "fullName": "smagicinteract__BulkSendSMS",
      "id": "0661s0000000e4aAAA",
      "lastModifiedById": "0052w000007mbAqAAI",
      "lastModifiedByName": "Dhruv Chowdary",
      "lastModifiedDate": "2020-12-03T16:11:45.000Z",
      "manageableState": "installed",
      "namespacePrefix": "smagicinteract",
      "type": "ApexPage"
    },
    {
      "createdById": "0052w000007mbAqAAI",
      "createdByName": "Dhruv Chowdary",
      "createdDate": "2020-12-03T16:06:45.000Z",
      "fileName": "pages/smagicinteract__NewConsent.page",
      "fullName": "smagicinteract__NewConsent",
      "id": "0661s0000000e51AAA",
      "lastModifiedById": "0052w000007mbAqAAI",
      "lastModifiedByName": "Dhruv Chowdary",
      "lastModifiedDate": "2020-12-03T16:11:58.000Z",
      "manageableState": "installed",
      "namespacePrefix": "smagicinteract",
      "type": "ApexPage"
    },
    {
      "createdById": "0052w000007mbAqAAI",
      "createdByName": "Dhruv Chowdary",
      "createdDate": "2020-12-03T16:06:48.000Z",
      "fileName": "pages/smagicinteract__disableTriggerExecution.page",
      "fullName": "smagicinteract__disableTriggerExecution",
      "id": "0661s0000000e5OAAQ",
      "lastModifiedById": "0052w000007mbAqAAI",
      "lastModifiedByName": "Dhruv Chowdary",
      "lastModifiedDate": "2020-12-03T16:12:06.000Z",
      "manageableState": "installed",
      "namespacePrefix": "smagicinteract",
      "type": "ApexPage"
    },
    {
      "createdById": "0052w000007mbAqAAI",
      "createdByName": "Dhruv Chowdary",
      "createdDate": "2020-12-03T16:06:42.000Z",
      "fileName": "pages/smagicinteract__ActionOnIncoming.page",
      "fullName": "smagicinteract__ActionOnIncoming",
      "id": "0661s0000000e4WAAQ",
      "lastModifiedById": "0052w000007mbAqAAI",
      "lastModifiedByName": "Dhruv Chowdary",
      "lastModifiedDate": "2020-12-03T16:11:45.000Z",
      "manageableState": "installed",
      "namespacePrefix": "smagicinteract",
      "type": "ApexPage"
    },
    {
      "createdById": "0052w000007mbAqAAI",
      "createdByName": "Dhruv Chowdary",
      "createdDate": "2020-12-03T16:27:29.000Z",
      "fileName": "pages/SingleSMS_Contact.page",
      "fullName": "SingleSMS_Contact",
      "id": "0661s0000000e5cAAA",
      "lastModifiedById": "0052w000007mbAqAAI",
      "lastModifiedByName": "Dhruv Chowdary",
      "lastModifiedDate": "2020-12-03T16:27:29.000Z",
      "manageableState": "unmanaged",
      "type": "ApexPage"
    },
    {
      "createdById": "0052w000007mbAqAAI",
      "createdByName": "Dhruv Chowdary",
      "createdDate": "2020-12-03T16:06:44.000Z",
      "fileName": "pages/smagicinteract__ConsentDetail.page",
      "fullName": "smagicinteract__ConsentDetail",
      "id": "0661s0000000e4eAAA",
      "lastModifiedById": "0052w000007mbAqAAI",
      "lastModifiedByName": "Dhruv Chowdary",
      "lastModifiedDate": "2020-12-03T16:11:51.000Z",
      "manageableState": "installed",
      "namespacePrefix": "smagicinteract",
      "type": "ApexPage"
    },
    {
      "createdById": "0052w000007mbAqAAI",
      "createdByName": "Dhruv Chowdary",
      "createdDate": "2020-12-03T16:27:29.000Z",
      "fileName": "pages/BulkSMS_Contact.page",
      "fullName": "BulkSMS_Contact",
      "id": "0661s0000000e5YAAQ",
      "lastModifiedById": "0052w000007mbAqAAI",
      "lastModifiedByName": "Dhruv Chowdary",
      "lastModifiedDate": "2020-12-03T16:27:29.000Z",
      "manageableState": "unmanaged",
      "type": "ApexPage"
    },
    {
      "createdById": "0052w000007mbAqAAI",
      "createdByName": "Dhruv Chowdary",
      "createdDate": "2020-12-03T16:06:46.000Z",
      "fileName": "pages/smagicinteract__QuickReply.page",
      "fullName": "smagicinteract__QuickReply",
      "id": "0661s0000000e59AAA",
      "lastModifiedById": "0052w000007mbAqAAI",
      "lastModifiedByName": "Dhruv Chowdary",
      "lastModifiedDate": "2020-12-03T16:06:46.000Z",
      "manageableState": "installed",
      "namespacePrefix": "smagicinteract",
      "type": "ApexPage"
    },
    {
      "createdById": "0052w000007mbAqAAI",
      "createdByName": "Dhruv Chowdary",
      "createdDate": "2020-12-03T16:06:44.000Z",
      "fileName": "pages/smagicinteract__CreateConversationView.page",
      "fullName": "smagicinteract__CreateConversationView",
      "id": "0661s0000000e4jAAA",
      "lastModifiedById": "0052w000007mbAqAAI",
      "lastModifiedByName": "Dhruv Chowdary",
      "lastModifiedDate": "2020-12-03T16:06:44.000Z",
      "manageableState": "installed",
      "namespacePrefix": "smagicinteract",
      "type": "ApexPage"
    },
    {
      "createdById": "0052w000007mbAqAAI",
      "createdByName": "Dhruv Chowdary",
      "createdDate": "2020-12-03T16:06:43.000Z",
      "fileName": "pages/smagicinteract__CampaignSMSSendPage.page",
      "fullName": "smagicinteract__CampaignSMSSendPage",
      "id": "0661s0000000e4bAAA",
      "lastModifiedById": "0052w000007mbAqAAI",
      "lastModifiedByName": "Dhruv Chowdary",
      "lastModifiedDate": "2020-12-03T16:11:50.000Z",
      "manageableState": "installed",
      "namespacePrefix": "smagicinteract",
      "type": "ApexPage"
    },
    {
      "createdById": "0052w000007mbAqAAI",
      "createdByName": "Dhruv Chowdary",
      "createdDate": "2020-12-03T16:27:29.000Z",
      "fileName": "pages/SingleSMS_Lead.page",
      "fullName": "SingleSMS_Lead",
      "id": "0661s0000000e5WAAQ",
      "lastModifiedById": "0052w000007mbAqAAI",
      "lastModifiedByName": "Dhruv Chowdary",
      "lastModifiedDate": "2020-12-03T16:27:29.000Z",
      "manageableState": "unmanaged",
      "type": "ApexPage"
    },
    {
      "createdById": "0052w000007mbAqAAI",
      "createdByName": "Dhruv Chowdary",
      "createdDate": "2020-12-03T16:06:48.000Z",
      "fileName": "pages/smagicinteract__TemplateTypeConfiguration.page",
      "fullName": "smagicinteract__TemplateTypeConfiguration",
      "id": "0661s0000000e5NAAQ",
      "lastModifiedById": "0052w000007mbAqAAI",
      "lastModifiedByName": "Dhruv Chowdary",
      "lastModifiedDate": "2020-12-03T16:06:48.000Z",
      "manageableState": "installed",
      "namespacePrefix": "smagicinteract",
      "type": "ApexPage"
    },
    {
      "createdById": "0052w000007mbAqAAI",
      "createdByName": "Dhruv Chowdary",
      "createdDate": "2020-12-03T16:06:45.000Z",
      "fileName": "pages/smagicinteract__ListViewStatusPage.page",
      "fullName": "smagicinteract__ListViewStatusPage",
      "id": "0661s0000000e4yAAA",
      "lastModifiedById": "0052w000007mbAqAAI",
      "lastModifiedByName": "Dhruv Chowdary",
      "lastModifiedDate": "2020-12-03T16:11:58.000Z",
      "manageableState": "installed",
      "namespacePrefix": "smagicinteract",
      "type": "ApexPage"
    },
    {
      "createdById": "0052w000007mbAqAAI",
      "createdByName": "Dhruv Chowdary",
      "createdDate": "2020-12-03T16:06:45.000Z",
      "fileName": "pages/smagicinteract__ErrorPageForOutgoingSMS.page",
      "fullName": "smagicinteract__ErrorPageForOutgoingSMS",
      "id": "0661s0000000e4qAAA",
      "lastModifiedById": "0052w000007mbAqAAI",
      "lastModifiedByName": "Dhruv Chowdary",
      "lastModifiedDate": "2020-12-03T16:11:54.000Z",
      "manageableState": "installed",
      "namespacePrefix": "smagicinteract",
      "type": "ApexPage"
    },
    {
      "createdById": "0052w000007mbAqAAI",
      "createdByName": "Dhruv Chowdary",
      "createdDate": "2020-12-03T16:06:44.000Z",
      "fileName": "pages/smagicinteract__CampaignSendSMSPage.page",
      "fullName": "smagicinteract__CampaignSendSMSPage",
      "id": "0661s0000000e4cAAA",
      "lastModifiedById": "0052w000007mbAqAAI",
      "lastModifiedByName": "Dhruv Chowdary",
      "lastModifiedDate": "2020-12-03T16:11:51.000Z",
      "manageableState": "installed",
      "namespacePrefix": "smagicinteract",
      "type": "ApexPage"
    },
    {
      "createdById": "0052w000007mbAqAAI",
      "createdByName": "Dhruv Chowdary",
      "createdDate": "2021-09-02T15:02:43.000Z",
      "fileName": "pages/BoxAuthPage.page",
      "fullName": "BoxAuthPage",
      "id": "0661s0000001JzZAAU",
      "lastModifiedById": "0052w000007mbAqAAI",
      "lastModifiedByName": "Dhruv Chowdary",
      "lastModifiedDate": "2021-09-17T05:51:38.000Z",
      "manageableState": "unmanaged",
      "type": "ApexPage"
    },
    {
      "createdById": "0052w000007mbAqAAI",
      "createdByName": "Dhruv Chowdary",
      "createdDate": "2020-12-03T16:06:46.000Z",
      "fileName": "pages/smagicinteract__NewSMSTemplate.page",
      "fullName": "smagicinteract__NewSMSTemplate",
      "id": "0661s0000000e53AAA",
      "lastModifiedById": "0052w000007mbAqAAI",
      "lastModifiedByName": "Dhruv Chowdary",
      "lastModifiedDate": "2020-12-03T16:11:59.000Z",
      "manageableState": "installed",
      "namespacePrefix": "smagicinteract",
      "type": "ApexPage"
    },
    {
      "createdById": "0052w000007mbAqAAI",
      "createdByName": "Dhruv Chowdary",
      "createdDate": "2020-12-03T16:06:45.000Z",
      "fileName": "pages/smagicinteract__FetchSessionId.page",
      "fullName": "smagicinteract__FetchSessionId",
      "id": "0661s0000000e4sAAA",
      "lastModifiedById": "0052w000007mbAqAAI",
      "lastModifiedByName": "Dhruv Chowdary",
      "lastModifiedDate": "2020-12-03T16:06:45.000Z",
      "manageableState": "installed",
      "namespacePrefix": "smagicinteract",
      "type": "ApexPage"
    },
    {
      "createdById": "0052w000007mbAqAAI",
      "createdByName": "Dhruv Chowdary",
      "createdDate": "2020-12-03T16:06:48.000Z",
      "fileName": "pages/smagicinteract__SingleSMS_Contact.page",
      "fullName": "smagicinteract__SingleSMS_Contact",
      "id": "0661s0000000e5LAAQ",
      "lastModifiedById": "0052w000007mbAqAAI",
      "lastModifiedByName": "Dhruv Chowdary",
      "lastModifiedDate": "2020-12-03T16:06:48.000Z",
      "manageableState": "installed",
      "namespacePrefix": "smagicinteract",
      "type": "ApexPage"
    },
    {
      "createdById": "0052w000007mbAqAAI",
      "createdByName": "Dhruv Chowdary",
      "createdDate": "2020-12-03T16:06:44.000Z",
      "fileName": "pages/smagicinteract__CreateBulkView.page",
      "fullName": "smagicinteract__CreateBulkView",
      "id": "0661s0000000e4iAAA",
      "lastModifiedById": "0052w000007mbAqAAI",
      "lastModifiedByName": "Dhruv Chowdary",
      "lastModifiedDate": "2020-12-03T16:06:44.000Z",
      "manageableState": "installed",
      "namespacePrefix": "smagicinteract",
      "type": "ApexPage"
    },
    {
      "createdById": "0051s000001FMIzAAO",
      "createdByName": "Prasan",
      "createdDate": "2021-03-17T17:38:48.000Z",
      "fileName": "pages/ProductCatalog.page",
      "fullName": "ProductCatalog",
      "id": "0661s0000000sOMAAY",
      "lastModifiedById": "0051s000001FMIzAAO",
      "lastModifiedByName": "Prasan",
      "lastModifiedDate": "2021-04-08T04:59:37.000Z",
      "manageableState": "unmanaged",
      "type": "ApexPage"
    },
    {
      "createdById": "0052w000007mbAqAAI",
      "createdByName": "Dhruv Chowdary",
      "createdDate": "2020-12-03T16:06:44.000Z",
      "fileName": "pages/smagicinteract__ConverseFlows.page",
      "fullName": "smagicinteract__ConverseFlows",
      "id": "0661s0000000e4hAAA",
      "lastModifiedById": "0052w000007mbAqAAI",
      "lastModifiedByName": "Dhruv Chowdary",
      "lastModifiedDate": "2020-12-03T16:11:52.000Z",
      "manageableState": "installed",
      "namespacePrefix": "smagicinteract",
      "type": "ApexPage"
    }
  ]
}
