{
  "status": 0,
  "result": [
    {
      "createdById": "0052w000007mbAqAAI",
      "createdByName": "Dhruv Chowdary",
      "createdDate": "2020-12-03T16:08:12.000Z",
      "fileName": "tabs/smagicinteract__Routing_Container.tab",
      "fullName": "smagicinteract__Routing_Container",
      "id": "01r1s0000000T8dAAE",
      "lastModifiedById": "0052w000007mbAqAAI",
      "lastModifiedByName": "Dhruv Chowdary",
      "lastModifiedDate": "2020-12-03T16:08:12.000Z",
      "manageableState": "installed",
      "namespacePrefix": "smagicinteract",
      "type": "CustomTab"
    },
    {
      "createdById": "0052w000007mbAqAAI",
      "createdByName": "Dhruv Chowdary",
      "createdDate": "2020-12-03T16:08:12.000Z",
      "fileName": "tabs/smagicinteract__SMS_Template__c.tab",
      "fullName": "smagicinteract__SMS_Template__c",
      "id": "01r1s0000000T8hAAE",
      "lastModifiedById": "0052w000007mbAqAAI",
      "lastModifiedByName": "Dhruv Chowdary",
      "lastModifiedDate": "2020-12-03T16:08:12.000Z",
      "manageableState": "installed",
      "namespacePrefix": "smagicinteract",
      "type": "CustomTab"
    },
    {
      "createdById": "0052w000007mbAqAAI",
      "createdByName": "Dhruv Chowdary",
      "createdDate": "2020-12-03T16:08:09.000Z",
      "fileName": "tabs/smagicinteract__Compliance_Configuration_Audit__c.tab",
      "fullName": "smagicinteract__Compliance_Configuration_Audit__c",
      "id": "01r1s0000000T8RAAU",
      "lastModifiedById": "0052w000007mbAqAAI",
      "lastModifiedByName": "Dhruv Chowdary",
      "lastModifiedDate": "2020-12-03T16:08:09.000Z",
      "manageableState": "installed",
      "namespacePrefix": "smagicinteract",
      "type": "CustomTab"
    },
    {
      "createdById": "0052w000007mbAqAAI",
      "createdByName": "Dhruv Chowdary",
      "createdDate": "2020-12-03T16:08:12.000Z",
      "fileName": "tabs/smagicinteract__SM_Home.tab",
      "fullName": "smagicinteract__SM_Home",
      "id": "01r1s0000000T8iAAE",
      "lastModifiedById": "0052w000007mbAqAAI",
      "lastModifiedByName": "Dhruv Chowdary",
      "lastModifiedDate": "2020-12-03T16:08:12.000Z",
      "manageableState": "installed",
      "namespacePrefix": "smagicinteract",
      "type": "CustomTab"
    },
    {
      "createdById": "0052w000007mbAqAAI",
      "createdByName": "Dhruv Chowdary",
      "createdDate": "2021-08-15T13:00:01.000Z",
      "fileName": "tabs/Product_Catalog2.tab",
      "fullName": "Product_Catalog2",
      "id": "01r1s0000000ilYAAQ",
      "lastModifiedById": "0052w000007mbAqAAI",
      "lastModifiedByName": "Dhruv Chowdary",
      "lastModifiedDate": "2021-08-15T13:00:01.000Z",
      "manageableState": "unmanaged",
      "type": "CustomTab"
    },
    {
      "createdById": "0052w000007mbAqAAI",
      "createdByName": "Dhruv Chowdary",
      "createdDate": "2020-12-03T16:08:12.000Z",
      "fileName": "tabs/smagicinteract__Converse_App.tab",
      "fullName": "smagicinteract__Converse_App",
      "id": "01r1s0000000T8XAAU",
      "lastModifiedById": "0052w000007mbAqAAI",
      "lastModifiedByName": "Dhruv Chowdary",
      "lastModifiedDate": "2020-12-03T16:08:12.000Z",
      "manageableState": "installed",
      "namespacePrefix": "smagicinteract",
      "type": "CustomTab"
    },
    {
      "createdById": "0052w000007mbAqAAI",
      "createdByName": "Dhruv Chowdary",
      "createdDate": "2020-12-03T16:08:12.000Z",
      "fileName": "tabs/smagicinteract__Conversation__c.tab",
      "fullName": "smagicinteract__Conversation__c",
      "id": "01r1s0000000T8WAAU",
      "lastModifiedById": "0052w000007mbAqAAI",
      "lastModifiedByName": "Dhruv Chowdary",
      "lastModifiedDate": "2020-12-03T16:08:12.000Z",
      "manageableState": "installed",
      "namespacePrefix": "smagicinteract",
      "type": "CustomTab"
    },
    {
      "createdById": "0052w000007mbAqAAI",
      "createdByName": "Dhruv Chowdary",
      "createdDate": "2020-10-23T10:43:54.000Z",
      "fileName": "tabs/Feedback__c.tab",
      "fullName": "Feedback__c",
      "id": "01r1s0000000Q5jAAE",
      "lastModifiedById": "0052w000007mbAqAAI",
      "lastModifiedByName": "Dhruv Chowdary",
      "lastModifiedDate": "2020-10-23T10:43:54.000Z",
      "manageableState": "unmanaged",
      "type": "CustomTab"
    },
    {
      "createdById": "0052w000007mbAqAAI",
      "createdByName": "Dhruv Chowdary",
      "createdDate": "2020-10-23T07:17:19.000Z",
      "fileName": "tabs/Renewals__c.tab",
      "fullName": "Renewals__c",
      "id": "01r1s0000000Q5FAAU",
      "lastModifiedById": "0052w000007mbAqAAI",
      "lastModifiedByName": "Dhruv Chowdary",
      "lastModifiedDate": "2020-10-23T07:17:19.000Z",
      "manageableState": "unmanaged",
      "type": "CustomTab"
    },
    {
      "createdById": "0052w0000076UZhAAM",
      "createdByName": "Anand Gupta",
      "createdDate": "2020-10-07T06:57:19.000Z",
      "fileName": "tabs/sf_GsPilotV1__Getting_Started.tab",
      "fullName": "sf_GsPilotV1__Getting_Started",
      "id": "01r2w000001DeImAAK",
      "lastModifiedById": "0052w0000076UZhAAM",
      "lastModifiedByName": "Anand Gupta",
      "lastModifiedDate": "2020-10-07T06:57:19.000Z",
      "manageableState": "installed",
      "namespacePrefix": "sf_GsPilotV1",
      "type": "CustomTab"
    },
    {
      "createdById": "0052w000007mbAqAAI",
      "createdByName": "Dhruv Chowdary",
      "createdDate": "2020-12-03T16:08:12.000Z",
      "fileName": "tabs/smagicinteract__List_View_Configuration__c.tab",
      "fullName": "smagicinteract__List_View_Configuration__c",
      "id": "01r1s0000000T8bAAE",
      "lastModifiedById": "0052w000007mbAqAAI",
      "lastModifiedByName": "Dhruv Chowdary",
      "lastModifiedDate": "2020-12-03T16:08:12.000Z",
      "manageableState": "installed",
      "namespacePrefix": "smagicinteract",
      "type": "CustomTab"
    },
    {
      "createdById": "0052w000007mbAqAAI",
      "createdByName": "Dhruv Chowdary",
      "createdDate": "2020-12-03T16:08:12.000Z",
      "fileName": "tabs/smagicinteract__SMS_Magic_Settings.tab",
      "fullName": "smagicinteract__SMS_Magic_Settings",
      "id": "01r1s0000000T8fAAE",
      "lastModifiedById": "0052w000007mbAqAAI",
      "lastModifiedByName": "Dhruv Chowdary",
      "lastModifiedDate": "2020-12-03T16:08:12.000Z",
      "manageableState": "installed",
      "namespacePrefix": "smagicinteract",
      "type": "CustomTab"
    },
    {
      "createdById": "0052w0000076UZhAAM",
      "createdByName": "Anand Gupta",
      "createdDate": "2020-10-07T06:57:19.000Z",
      "fileName": "tabs/lightningbuddy__Actions__c.tab",
      "fullName": "lightningbuddy__Actions__c",
      "id": "01r2w000001DeIlAAK",
      "lastModifiedById": "0052w0000076UZhAAM",
      "lastModifiedByName": "Anand Gupta",
      "lastModifiedDate": "2020-10-07T06:57:19.000Z",
      "manageableState": "installed",
      "namespacePrefix": "lightningbuddy",
      "type": "CustomTab"
    },
    {
      "createdById": "0051s000001FMIzAAO",
      "createdByName": "Prasan",
      "createdDate": "2021-03-04T11:47:32.000Z",
      "fileName": "tabs/Approvals.tab",
      "fullName": "Approvals",
      "id": "01r1s0000000XBoAAM",
      "lastModifiedById": "0051s000001FMIzAAO",
      "lastModifiedByName": "Prasan",
      "lastModifiedDate": "2021-03-04T11:47:32.000Z",
      "manageableState": "unmanaged",
      "type": "CustomTab"
    },
    {
      "createdById": "0052w000007mbAqAAI",
      "createdByName": "Dhruv Chowdary",
      "createdDate": "2020-12-03T16:08:12.000Z",
      "fileName": "tabs/smagicinteract__smsMagic__c.tab",
      "fullName": "smagicinteract__smsMagic__c",
      "id": "01r1s0000000T8jAAE",
      "lastModifiedById": "0052w000007mbAqAAI",
      "lastModifiedByName": "Dhruv Chowdary",
      "lastModifiedDate": "2020-12-03T16:08:12.000Z",
      "manageableState": "installed",
      "namespacePrefix": "smagicinteract",
      "type": "CustomTab"
    },
    {
      "createdById": "0052w000007mbAqAAI",
      "createdByName": "Dhruv Chowdary",
      "createdDate": "2020-12-03T16:08:12.000Z",
      "fileName": "tabs/smagicinteract__SMS_Schedule__c.tab",
      "fullName": "smagicinteract__SMS_Schedule__c",
      "id": "01r1s0000000T8gAAE",
      "lastModifiedById": "0052w000007mbAqAAI",
      "lastModifiedByName": "Dhruv Chowdary",
      "lastModifiedDate": "2020-12-03T16:08:12.000Z",
      "manageableState": "installed",
      "namespacePrefix": "smagicinteract",
      "type": "CustomTab"
    },
    {
      "createdById": "0051s000001FMIzAAO",
      "createdByName": "Prasan",
      "createdDate": "2021-04-11T05:55:23.000Z",
      "fileName": "tabs/Product_File_Upload.tab",
      "fullName": "Product_File_Upload",
      "id": "01r1s0000000aJgAAI",
      "lastModifiedById": "0051s000001FMIzAAO",
      "lastModifiedByName": "Prasan",
      "lastModifiedDate": "2021-04-11T05:55:23.000Z",
      "manageableState": "unmanaged",
      "type": "CustomTab"
    },
    {
      "createdById": "0052w000007mbAqAAI",
      "createdByName": "Dhruv Chowdary",
      "createdDate": "2020-12-03T16:08:10.000Z",
      "fileName": "tabs/smagicinteract__Consent_Audit_History__c.tab",
      "fullName": "smagicinteract__Consent_Audit_History__c",
      "id": "01r1s0000000T8SAAU",
      "lastModifiedById": "0052w000007mbAqAAI",
      "lastModifiedByName": "Dhruv Chowdary",
      "lastModifiedDate": "2020-12-03T16:08:10.000Z",
      "manageableState": "installed",
      "namespacePrefix": "smagicinteract",
      "type": "CustomTab"
    },
    {
      "createdById": "0052w000007mbAqAAI",
      "createdByName": "Dhruv Chowdary",
      "createdDate": "2020-12-03T16:08:12.000Z",
      "fileName": "tabs/smagicinteract__Create_Bulk_Page.tab",
      "fullName": "smagicinteract__Create_Bulk_Page",
      "id": "01r1s0000000T8YAAU",
      "lastModifiedById": "0052w000007mbAqAAI",
      "lastModifiedByName": "Dhruv Chowdary",
      "lastModifiedDate": "2020-12-03T16:08:12.000Z",
      "manageableState": "installed",
      "namespacePrefix": "smagicinteract",
      "type": "CustomTab"
    },
    {
      "createdById": "0051s000001FMIzAAO",
      "createdByName": "Prasan",
      "createdDate": "2021-04-02T08:21:33.000Z",
      "fileName": "tabs/Product_Catalog.tab",
      "fullName": "Product_Catalog",
      "id": "01r1s0000000ZfgAAE",
      "lastModifiedById": "0051s000001FMIzAAO",
      "lastModifiedByName": "Prasan",
      "lastModifiedDate": "2021-04-02T08:21:33.000Z",
      "manageableState": "unmanaged",
      "type": "CustomTab"
    },
    {
      "createdById": "0052w000007mbAqAAI",
      "createdByName": "Dhruv Chowdary",
      "createdDate": "2020-12-03T16:08:12.000Z",
      "fileName": "tabs/smagicinteract__Conversation_View_Creator.tab",
      "fullName": "smagicinteract__Conversation_View_Creator",
      "id": "01r1s0000000T8VAAU",
      "lastModifiedById": "0052w000007mbAqAAI",
      "lastModifiedByName": "Dhruv Chowdary",
      "lastModifiedDate": "2020-12-03T16:08:12.000Z",
      "manageableState": "installed",
      "namespacePrefix": "smagicinteract",
      "type": "CustomTab"
    },
    {
      "createdById": "0052w000007mbAqAAI",
      "createdByName": "Dhruv Chowdary",
      "createdDate": "2020-12-03T16:08:12.000Z",
      "fileName": "tabs/smagicinteract__SMS_Magic_Help.tab",
      "fullName": "smagicinteract__SMS_Magic_Help",
      "id": "01r1s0000000T8eAAE",
      "lastModifiedById": "0052w000007mbAqAAI",
      "lastModifiedByName": "Dhruv Chowdary",
      "lastModifiedDate": "2020-12-03T16:08:12.000Z",
      "manageableState": "installed",
      "namespacePrefix": "smagicinteract",
      "type": "CustomTab"
    },
    {
      "createdById": "0052w000007mbAqAAI",
      "createdByName": "Dhruv Chowdary",
      "createdDate": "2020-12-03T16:08:12.000Z",
      "fileName": "tabs/smagicinteract__Conversation_View_Classic.tab",
      "fullName": "smagicinteract__Conversation_View_Classic",
      "id": "01r1s0000000T8UAAU",
      "lastModifiedById": "0052w000007mbAqAAI",
      "lastModifiedByName": "Dhruv Chowdary",
      "lastModifiedDate": "2020-12-03T16:08:12.000Z",
      "manageableState": "installed",
      "namespacePrefix": "smagicinteract",
      "type": "CustomTab"
    },
    {
      "createdById": "0052w000007mbAqAAI",
      "createdByName": "Dhruv Chowdary",
      "createdDate": "2020-10-26T05:43:51.000Z",
      "fileName": "tabs/Notice__c.tab",
      "fullName": "Notice__c",
      "id": "01r1s0000000Q8dAAE",
      "lastModifiedById": "0052w000007mbAqAAI",
      "lastModifiedByName": "Dhruv Chowdary",
      "lastModifiedDate": "2020-10-26T05:43:51.000Z",
      "manageableState": "unmanaged",
      "type": "CustomTab"
    },
    {
      "createdById": "0052w000007mbAqAAI",
      "createdByName": "Dhruv Chowdary",
      "createdDate": "2020-12-03T16:08:12.000Z",
      "fileName": "tabs/smagicinteract__Incoming_SMS__c.tab",
      "fullName": "smagicinteract__Incoming_SMS__c",
      "id": "01r1s0000000T8aAAE",
      "lastModifiedById": "0052w000007mbAqAAI",
      "lastModifiedByName": "Dhruv Chowdary",
      "lastModifiedDate": "2020-12-03T16:08:12.000Z",
      "manageableState": "installed",
      "namespacePrefix": "smagicinteract",
      "type": "CustomTab"
    },
    {
      "createdById": "0052w000007mbAqAAI",
      "createdByName": "Dhruv Chowdary",
      "createdDate": "2020-12-03T16:08:12.000Z",
      "fileName": "tabs/smagicinteract__Message_Object_Config__c.tab",
      "fullName": "smagicinteract__Message_Object_Config__c",
      "id": "01r1s0000000T8cAAE",
      "lastModifiedById": "0052w000007mbAqAAI",
      "lastModifiedByName": "Dhruv Chowdary",
      "lastModifiedDate": "2020-12-03T16:08:12.000Z",
      "manageableState": "installed",
      "namespacePrefix": "smagicinteract",
      "type": "CustomTab"
    },
    {
      "createdById": "0052w000007mbAqAAI",
      "createdByName": "Dhruv Chowdary",
      "createdDate": "2020-12-03T16:08:12.000Z",
      "fileName": "tabs/smagicinteract__Error_Log__c.tab",
      "fullName": "smagicinteract__Error_Log__c",
      "id": "01r1s0000000T8ZAAU",
      "lastModifiedById": "0052w000007mbAqAAI",
      "lastModifiedByName": "Dhruv Chowdary",
      "lastModifiedDate": "2020-12-03T16:08:12.000Z",
      "manageableState": "installed",
      "namespacePrefix": "smagicinteract",
      "type": "CustomTab"
    },
    {
      "createdById": "0052w000007mbAqAAI",
      "createdByName": "Dhruv Chowdary",
      "createdDate": "2020-12-03T16:08:11.000Z",
      "fileName": "tabs/smagicinteract__Consent__c.tab",
      "fullName": "smagicinteract__Consent__c",
      "id": "01r1s0000000T8TAAU",
      "lastModifiedById": "0052w000007mbAqAAI",
      "lastModifiedByName": "Dhruv Chowdary",
      "lastModifiedDate": "2020-12-03T16:08:11.000Z",
      "manageableState": "installed",
      "namespacePrefix": "smagicinteract",
      "type": "CustomTab"
    }
  ]
}
