{
  "status": 0,
  "result": [
    {
      "createdById": "0052w000007mbAqAAI",
      "createdByName": "Dhruv Chowdary",
      "createdDate": "1970-01-01T00:00:00.000Z",
      "fileName": "objects/MacroUsage.object",
      "fullName": "MacroUsage",
      "id": "",
      "lastModifiedById": "0052w000007mbAqAAI",
      "lastModifiedByName": "Dhruv Chowdary",
      "lastModifiedDate": "1970-01-01T00:00:00.000Z",
      "namespacePrefix": "",
      "type": "CustomObject"
    },
    {
      "createdById": "0052w000007mbAqAAI",
      "createdByName": "Dhruv Chowdary",
      "createdDate": "1970-01-01T00:00:00.000Z",
      "fileName": "objects/MacroAction.object",
      "fullName": "MacroAction",
      "id": "",
      "lastModifiedById": "0052w000007mbAqAAI",
      "lastModifiedByName": "Dhruv Chowdary",
      "lastModifiedDate": "1970-01-01T00:00:00.000Z",
      "namespacePrefix": "",
      "type": "CustomObject"
    },
    {
      "createdById": "0052w000007mbAqAAI",
      "createdByName": "Dhruv Chowdary",
      "createdDate": "1970-01-01T00:00:00.000Z",
      "fileName": "objects/LocationTrustMeasure.object",
      "fullName": "LocationTrustMeasure",
      "id": "",
      "lastModifiedById": "0052w000007mbAqAAI",
      "lastModifiedByName": "Dhruv Chowdary",
      "lastModifiedDate": "1970-01-01T00:00:00.000Z",
      "namespacePrefix": "",
      "type": "CustomObject"
    },
    {
      "createdById": "0052w000007mbAqAAI",
      "createdByName": "Dhruv Chowdary",
      "createdDate": "1970-01-01T00:00:00.000Z",
      "fileName": "objects/OpportunityCompetitor.object",
      "fullName": "OpportunityCompetitor",
      "id": "",
      "lastModifiedById": "0052w000007mbAqAAI",
      "lastModifiedByName": "Dhruv Chowdary",
      "lastModifiedDate": "1970-01-01T00:00:00.000Z",
      "namespacePrefix": "",
      "type": "CustomObject"
    },
    {
      "createdById": "0052w0000076UZhAAM",
      "createdByName": "Anand Gupta",
      "createdDate": "2020-10-07T06:57:19.000Z",
      "fileName": "objects/lightningbuddy__Record_Criteria__c.object",
      "fullName": "lightningbuddy__Record_Criteria__c",
      "id": "01I2w000002CXJ5EAO",
      "lastModifiedById": "0052w0000076UZhAAM",
      "lastModifiedByName": "Anand Gupta",
      "lastModifiedDate": "2020-10-07T06:57:19.000Z",
      "manageableState": "installed",
      "namespacePrefix": "lightningbuddy",
      "type": "CustomObject"
    },
    {
      "createdById": "0052w000007mbAqAAI",
      "createdByName": "Dhruv Chowdary",
      "createdDate": "1970-01-01T00:00:00.000Z",
      "fileName": "objects/MLModelFactorComponent.object",
      "fullName": "MLModelFactorComponent",
      "id": "",
      "lastModifiedById": "0052w000007mbAqAAI",
      "lastModifiedByName": "Dhruv Chowdary",
      "lastModifiedDate": "1970-01-01T00:00:00.000Z",
      "namespacePrefix": "",
      "type": "CustomObject"
    },
    {
      "createdById": "0052w0000076UZhAAM",
      "createdByName": "Anand Gupta",
      "createdDate": "2020-10-07T06:57:19.000Z",
      "fileName": "objects/lightningbuddy__Toaster_Alert_Param__c.object",
      "fullName": "lightningbuddy__Toaster_Alert_Param__c",
      "id": "01I2w000002CXJ6EAO",
      "lastModifiedById": "0052w0000076UZhAAM",
      "lastModifiedByName": "Anand Gupta",
      "lastModifiedDate": "2020-10-07T06:57:19.000Z",
      "manageableState": "installed",
      "namespacePrefix": "lightningbuddy",
      "type": "CustomObject"
    },
    {
      "createdById": "0052w000007mbAqAAI",
      "createdByName": "Dhruv Chowdary",
      "createdDate": "2020-12-03T16:07:04.000Z",
      "fileName": "objects/smagicinteract__forward_config__c.object",
      "fullName": "smagicinteract__forward_config__c",
      "id": "01I1s0000001BKzEAM",
      "lastModifiedById": "0052w000007mbAqAAI",
      "lastModifiedByName": "Dhruv Chowdary",
      "lastModifiedDate": "2020-12-03T16:12:24.000Z",
      "manageableState": "installed",
      "namespacePrefix": "smagicinteract",
      "type": "CustomObject"
    },
    {
      "createdById": "0052w000007mbAqAAI",
      "createdByName": "Dhruv Chowdary",
      "createdDate": "1970-01-01T00:00:00.000Z",
      "fileName": "objects/PendingServiceRouting.object",
      "fullName": "PendingServiceRouting",
      "id": "",
      "lastModifiedById": "0052w000007mbAqAAI",
      "lastModifiedByName": "Dhruv Chowdary",
      "lastModifiedDate": "1970-01-01T00:00:00.000Z",
      "namespacePrefix": "",
      "type": "CustomObject"
    },
    {
      "createdById": "0052w000007mbAqAAI",
      "createdByName": "Dhruv Chowdary",
      "createdDate": "1970-01-01T00:00:00.000Z",
      "fileName": "objects/AccountContactRelation.object",
      "fullName": "AccountContactRelation",
      "id": "",
      "lastModifiedById": "0052w000007mbAqAAI",
      "lastModifiedByName": "Dhruv Chowdary",
      "lastModifiedDate": "1970-01-01T00:00:00.000Z",
      "namespacePrefix": "",
      "type": "CustomObject"
    },
    {
      "createdById": "0052w000007mbAqAAI",
      "createdByName": "Dhruv Chowdary",
      "createdDate": "1970-01-01T00:00:00.000Z",
      "fileName": "objects/Contact.object",
      "fullName": "Contact",
      "id": "",
      "lastModifiedById": "0052w000007mbAqAAI",
      "lastModifiedByName": "Dhruv Chowdary",
      "lastModifiedDate": "1970-01-01T00:00:00.000Z",
      "namespacePrefix": "",
      "type": "CustomObject"
    },
    {
      "createdById": "0052w000007mbAqAAI",
      "createdByName": "Dhruv Chowdary",
      "createdDate": "2020-12-03T16:06:54.000Z",
      "fileName": "objects/smagicinteract__Desk_Setting__c.object",
      "fullName": "smagicinteract__Desk_Setting__c",
      "id": "01I1s0000001BKEEA2",
      "lastModifiedById": "0052w000007mbAqAAI",
      "lastModifiedByName": "Dhruv Chowdary",
      "lastModifiedDate": "2020-12-03T16:06:54.000Z",
      "manageableState": "installed",
      "namespacePrefix": "smagicinteract",
      "type": "CustomObject"
    },
    {
      "createdById": "0052w000007mbAqAAI",
      "createdByName": "Dhruv Chowdary",
      "createdDate": "1970-01-01T00:00:00.000Z",
      "fileName": "objects/CampaignMember.object",
      "fullName": "CampaignMember",
      "id": "",
      "lastModifiedById": "0052w000007mbAqAAI",
      "lastModifiedByName": "Dhruv Chowdary",
      "lastModifiedDate": "1970-01-01T00:00:00.000Z",
      "namespacePrefix": "",
      "type": "CustomObject"
    },
    {
      "createdById": "0052w000007mbAqAAI",
      "createdByName": "Dhruv Chowdary",
      "createdDate": "2020-12-03T16:06:59.000Z",
      "fileName": "objects/smagicinteract__Notification__mdt.object",
      "fullName": "smagicinteract__Notification__mdt",
      "id": "01I1s0000001BKcEAM",
      "lastModifiedById": "0052w000007mbAqAAI",
      "lastModifiedByName": "Dhruv Chowdary",
      "lastModifiedDate": "2020-12-03T16:06:59.000Z",
      "manageableState": "installed",
      "namespacePrefix": "smagicinteract",
      "type": "CustomObject"
    },
    {
      "createdById": "0052w000007mbAqAAI",
      "createdByName": "Dhruv Chowdary",
      "createdDate": "1970-01-01T00:00:00.000Z",
      "fileName": "objects/Image.object",
      "fullName": "Image",
      "id": "",
      "lastModifiedById": "0052w000007mbAqAAI",
      "lastModifiedByName": "Dhruv Chowdary",
      "lastModifiedDate": "1970-01-01T00:00:00.000Z",
      "namespacePrefix": "",
      "type": "CustomObject"
    },
    {
      "createdById": "0052w000007mbAqAAI",
      "createdByName": "Dhruv Chowdary",
      "createdDate": "2020-12-03T16:06:51.000Z",
      "fileName": "objects/smagicinteract__Compliance_Configuration_Audit__c.object",
      "fullName": "smagicinteract__Compliance_Configuration_Audit__c",
      "id": "01I1s0000001BJqEAM",
      "lastModifiedById": "0052w000007mbAqAAI",
      "lastModifiedByName": "Dhruv Chowdary",
      "lastModifiedDate": "2020-12-03T16:12:09.000Z",
      "manageableState": "installed",
      "namespacePrefix": "smagicinteract",
      "type": "CustomObject"
    },
    {
      "createdById": "0052w000007mbAqAAI",
      "createdByName": "Dhruv Chowdary",
      "createdDate": "1970-01-01T00:00:00.000Z",
      "fileName": "objects/ForecastingOwnerAdjustment.object",
      "fullName": "ForecastingOwnerAdjustment",
      "id": "",
      "lastModifiedById": "0052w000007mbAqAAI",
      "lastModifiedByName": "Dhruv Chowdary",
      "lastModifiedDate": "1970-01-01T00:00:00.000Z",
      "namespacePrefix": "",
      "type": "CustomObject"
    },
    {
      "createdById": "0052w000007mbAqAAI",
      "createdByName": "Dhruv Chowdary",
      "createdDate": "1970-01-01T00:00:00.000Z",
      "fileName": "objects/ContractContactRole.object",
      "fullName": "ContractContactRole",
      "id": "",
      "lastModifiedById": "0052w000007mbAqAAI",
      "lastModifiedByName": "Dhruv Chowdary",
      "lastModifiedDate": "1970-01-01T00:00:00.000Z",
      "namespacePrefix": "",
      "type": "CustomObject"
    },
    {
      "createdById": "0052w000007mbAqAAI",
      "createdByName": "Dhruv Chowdary",
      "createdDate": "1970-01-01T00:00:00.000Z",
      "fileName": "objects/CollaborationGroup.object",
      "fullName": "CollaborationGroup",
      "id": "",
      "lastModifiedById": "0052w000007mbAqAAI",
      "lastModifiedByName": "Dhruv Chowdary",
      "lastModifiedDate": "1970-01-01T00:00:00.000Z",
      "namespacePrefix": "",
      "type": "CustomObject"
    },
    {
      "createdById": "0052w0000076UZhAAM",
      "createdByName": "Anand Gupta",
      "createdDate": "2020-10-07T06:57:19.000Z",
      "fileName": "objects/lightningbuddy__Carousel_Image__c.object",
      "fullName": "lightningbuddy__Carousel_Image__c",
      "id": "01I2w000002CXJ4EAO",
      "lastModifiedById": "0052w0000076UZhAAM",
      "lastModifiedByName": "Anand Gupta",
      "lastModifiedDate": "2020-10-07T06:57:19.000Z",
      "manageableState": "installed",
      "namespacePrefix": "lightningbuddy",
      "type": "CustomObject"
    },
    {
      "createdById": "0052w000007mbAqAAI",
      "createdByName": "Dhruv Chowdary",
      "createdDate": "2020-12-03T16:07:01.000Z",
      "fileName": "objects/smagicinteract__SMS_Batch_Execution_Tracker__c.object",
      "fullName": "smagicinteract__SMS_Batch_Execution_Tracker__c",
      "id": "01I1s0000001BKlEAM",
      "lastModifiedById": "0052w000007mbAqAAI",
      "lastModifiedByName": "Dhruv Chowdary",
      "lastModifiedDate": "2020-12-03T16:12:20.000Z",
      "manageableState": "installed",
      "namespacePrefix": "smagicinteract",
      "type": "CustomObject"
    },
    {
      "createdById": "0052w000007mbAqAAI",
      "createdByName": "Dhruv Chowdary",
      "createdDate": "1970-01-01T00:00:00.000Z",
      "fileName": "objects/MLModel.object",
      "fullName": "MLModel",
      "id": "",
      "lastModifiedById": "0052w000007mbAqAAI",
      "lastModifiedByName": "Dhruv Chowdary",
      "lastModifiedDate": "1970-01-01T00:00:00.000Z",
      "namespacePrefix": "",
      "type": "CustomObject"
    },
    {
      "createdById": "0052w000007mbAqAAI",
      "createdByName": "Dhruv Chowdary",
      "createdDate": "1970-01-01T00:00:00.000Z",
      "fileName": "objects/OrderItem.object",
      "fullName": "OrderItem",
      "id": "",
      "lastModifiedById": "0052w000007mbAqAAI",
      "lastModifiedByName": "Dhruv Chowdary",
      "lastModifiedDate": "1970-01-01T00:00:00.000Z",
      "namespacePrefix": "",
      "type": "CustomObject"
    },
    {
      "createdById": "0051s000001FMIzAAO",
      "createdByName": "Prasan",
      "createdDate": "2021-03-22T02:52:56.000Z",
      "fileName": "objects/RowsColumns__c.object",
      "fullName": "RowsColumns__c",
      "id": "01I1s0000001MFkEAM",
      "lastModifiedById": "0051s000001FMIzAAO",
      "lastModifiedByName": "Prasan",
      "lastModifiedDate": "2021-03-22T02:52:56.000Z",
      "manageableState": "unmanaged",
      "type": "CustomObject"
    },
    {
      "createdById": "0052w000007mbAqAAI",
      "createdByName": "Dhruv Chowdary",
      "createdDate": "2020-12-03T16:06:54.000Z",
      "fileName": "objects/smagicinteract__Converse_Desk_User_Config__c.object",
      "fullName": "smagicinteract__Converse_Desk_User_Config__c",
      "id": "01I1s0000001BKDEA2",
      "lastModifiedById": "0052w000007mbAqAAI",
      "lastModifiedByName": "Dhruv Chowdary",
      "lastModifiedDate": "2020-12-03T16:12:13.000Z",
      "manageableState": "installed",
      "namespacePrefix": "smagicinteract",
      "type": "CustomObject"
    },
    {
      "createdById": "0052w000007mbAqAAI",
      "createdByName": "Dhruv Chowdary",
      "createdDate": "1970-01-01T00:00:00.000Z",
      "fileName": "objects/Product2.object",
      "fullName": "Product2",
      "id": "",
      "lastModifiedById": "0052w000007mbAqAAI",
      "lastModifiedByName": "Dhruv Chowdary",
      "lastModifiedDate": "1970-01-01T00:00:00.000Z",
      "namespacePrefix": "",
      "type": "CustomObject"
    },
    {
      "createdById": "0052w000007mbAqAAI",
      "createdByName": "Dhruv Chowdary",
      "createdDate": "1970-01-01T00:00:00.000Z",
      "fileName": "objects/AssetRelationship.object",
      "fullName": "AssetRelationship",
      "id": "",
      "lastModifiedById": "0052w000007mbAqAAI",
      "lastModifiedByName": "Dhruv Chowdary",
      "lastModifiedDate": "1970-01-01T00:00:00.000Z",
      "namespacePrefix": "",
      "type": "CustomObject"
    },
    {
      "createdById": "0052w000007mbAqAAI",
      "createdByName": "Dhruv Chowdary",
      "createdDate": "2020-12-03T16:06:54.000Z",
      "fileName": "objects/smagicinteract__Disable_Triggers_Execution__c.object",
      "fullName": "smagicinteract__Disable_Triggers_Execution__c",
      "id": "01I1s0000001BKFEA2",
      "lastModifiedById": "0052w000007mbAqAAI",
      "lastModifiedByName": "Dhruv Chowdary",
      "lastModifiedDate": "2020-12-03T16:06:54.000Z",
      "manageableState": "installed",
      "namespacePrefix": "smagicinteract",
      "type": "CustomObject"
    },
    {
      "createdById": "0052w000007mbAqAAI",
      "createdByName": "Dhruv Chowdary",
      "createdDate": "1970-01-01T00:00:00.000Z",
      "fileName": "objects/Campaign.object",
      "fullName": "Campaign",
      "id": "",
      "lastModifiedById": "0052w000007mbAqAAI",
      "lastModifiedByName": "Dhruv Chowdary",
      "lastModifiedDate": "1970-01-01T00:00:00.000Z",
      "namespacePrefix": "",
      "type": "CustomObject"
    },
    {
      "createdById": "0052w000007mbAqAAI",
      "createdByName": "Dhruv Chowdary",
      "createdDate": "2020-12-03T16:06:52.000Z",
      "fileName": "objects/smagicinteract__Container_Object__mdt.object",
      "fullName": "smagicinteract__Container_Object__mdt",
      "id": "01I1s0000001BJvEAM",
      "lastModifiedById": "0052w000007mbAqAAI",
      "lastModifiedByName": "Dhruv Chowdary",
      "lastModifiedDate": "2020-12-03T16:06:52.000Z",
      "manageableState": "installed",
      "namespacePrefix": "smagicinteract",
      "type": "CustomObject"
    },
    {
      "createdById": "0052w000007mbAqAAI",
      "createdByName": "Dhruv Chowdary",
      "createdDate": "2020-12-03T16:07:01.000Z",
      "fileName": "objects/smagicinteract__Rule_Criteria__mdt.object",
      "fullName": "smagicinteract__Rule_Criteria__mdt",
      "id": "01I1s0000001BKjEAM",
      "lastModifiedById": "0052w000007mbAqAAI",
      "lastModifiedByName": "Dhruv Chowdary",
      "lastModifiedDate": "2020-12-03T16:07:01.000Z",
      "manageableState": "installed",
      "namespacePrefix": "smagicinteract",
      "type": "CustomObject"
    },
    {
      "createdById": "0052w000007mbAqAAI",
      "createdByName": "Dhruv Chowdary",
      "createdDate": "1970-01-01T00:00:00.000Z",
      "fileName": "objects/ProfileSkillUser.object",
      "fullName": "ProfileSkillUser",
      "id": "",
      "lastModifiedById": "0052w000007mbAqAAI",
      "lastModifiedByName": "Dhruv Chowdary",
      "lastModifiedDate": "1970-01-01T00:00:00.000Z",
      "namespacePrefix": "",
      "type": "CustomObject"
    },
    {
      "createdById": "0052w000007mbAqAAI",
      "createdByName": "Dhruv Chowdary",
      "createdDate": "1970-01-01T00:00:00.000Z",
      "fileName": "objects/Idea.object",
      "fullName": "Idea",
      "id": "",
      "lastModifiedById": "0052w000007mbAqAAI",
      "lastModifiedByName": "Dhruv Chowdary",
      "lastModifiedDate": "1970-01-01T00:00:00.000Z",
      "namespacePrefix": "",
      "type": "CustomObject"
    },
    {
      "createdById": "0052w000007mbAqAAI",
      "createdByName": "Dhruv Chowdary",
      "createdDate": "2020-12-03T16:07:04.000Z",
      "fileName": "objects/smagicinteract__Unrelated_Object_Config__c.object",
      "fullName": "smagicinteract__Unrelated_Object_Config__c",
      "id": "01I1s0000001BKwEAM",
      "lastModifiedById": "0052w000007mbAqAAI",
      "lastModifiedByName": "Dhruv Chowdary",
      "lastModifiedDate": "2020-12-03T16:12:24.000Z",
      "manageableState": "installed",
      "namespacePrefix": "smagicinteract",
      "type": "CustomObject"
    },
    {
      "createdById": "0052w000007mbAqAAI",
      "createdByName": "Dhruv Chowdary",
      "createdDate": "1970-01-01T00:00:00.000Z",
      "fileName": "objects/UserServicePresence.object",
      "fullName": "UserServicePresence",
      "id": "",
      "lastModifiedById": "0052w000007mbAqAAI",
      "lastModifiedByName": "Dhruv Chowdary",
      "lastModifiedDate": "1970-01-01T00:00:00.000Z",
      "namespacePrefix": "",
      "type": "CustomObject"
    },
    {
      "createdById": "0052w000007mbAqAAI",
      "createdByName": "Dhruv Chowdary",
      "createdDate": "2020-12-03T16:06:58.000Z",
      "fileName": "objects/smagicinteract__MMS_Detail__c.object",
      "fullName": "smagicinteract__MMS_Detail__c",
      "id": "01I1s0000001BKYEA2",
      "lastModifiedById": "0052w000007mbAqAAI",
      "lastModifiedByName": "Dhruv Chowdary",
      "lastModifiedDate": "2020-12-03T16:12:18.000Z",
      "manageableState": "installed",
      "namespacePrefix": "smagicinteract",
      "type": "CustomObject"
    },
    {
      "createdById": "0052w000007mbAqAAI",
      "createdByName": "Dhruv Chowdary",
      "createdDate": "2020-12-03T16:06:59.000Z",
      "fileName": "objects/smagicinteract__Message_Object_Config__c.object",
      "fullName": "smagicinteract__Message_Object_Config__c",
      "id": "01I1s0000001BKbEAM",
      "lastModifiedById": "0052w000007mbAqAAI",
      "lastModifiedByName": "Dhruv Chowdary",
      "lastModifiedDate": "2020-12-03T16:12:18.000Z",
      "manageableState": "installed",
      "namespacePrefix": "smagicinteract",
      "type": "CustomObject"
    },
    {
      "createdById": "0052w000007mbAqAAI",
      "createdByName": "Dhruv Chowdary",
      "createdDate": "2020-12-03T16:06:50.000Z",
      "fileName": "objects/smagicinteract__Acknowledgement_Popup_Setting__c.object",
      "fullName": "smagicinteract__Acknowledgement_Popup_Setting__c",
      "id": "01I1s0000001BJiEAM",
      "lastModifiedById": "0052w000007mbAqAAI",
      "lastModifiedByName": "Dhruv Chowdary",
      "lastModifiedDate": "2020-12-03T16:06:50.000Z",
      "manageableState": "installed",
      "namespacePrefix": "smagicinteract",
      "type": "CustomObject"
    },
    {
      "createdById": "0052w000007mbAqAAI",
      "createdByName": "Dhruv Chowdary",
      "createdDate": "1970-01-01T00:00:00.000Z",
      "fileName": "objects/Scorecard.object",
      "fullName": "Scorecard",
      "id": "",
      "lastModifiedById": "0052w000007mbAqAAI",
      "lastModifiedByName": "Dhruv Chowdary",
      "lastModifiedDate": "1970-01-01T00:00:00.000Z",
      "namespacePrefix": "",
      "type": "CustomObject"
    },
    {
      "createdById": "0052w000007mbAqAAI",
      "createdByName": "Dhruv Chowdary",
      "createdDate": "1970-01-01T00:00:00.000Z",
      "fileName": "objects/Lead.object",
      "fullName": "Lead",
      "id": "",
      "lastModifiedById": "0052w000007mbAqAAI",
      "lastModifiedByName": "Dhruv Chowdary",
      "lastModifiedDate": "1970-01-01T00:00:00.000Z",
      "namespacePrefix": "",
      "type": "CustomObject"
    },
    {
      "createdById": "0052w000007mbAqAAI",
      "createdByName": "Dhruv Chowdary",
      "createdDate": "2020-12-03T16:06:57.000Z",
      "fileName": "objects/smagicinteract__License__c.object",
      "fullName": "smagicinteract__License__c",
      "id": "01I1s0000001BKVEA2",
      "lastModifiedById": "0052w000007mbAqAAI",
      "lastModifiedByName": "Dhruv Chowdary",
      "lastModifiedDate": "2020-12-03T16:12:16.000Z",
      "manageableState": "installed",
      "namespacePrefix": "smagicinteract",
      "type": "CustomObject"
    },
    {
      "createdById": "0052w000007mbAqAAI",
      "createdByName": "Dhruv Chowdary",
      "createdDate": "1970-01-01T00:00:00.000Z",
      "fileName": "objects/QuickTextUsage.object",
      "fullName": "QuickTextUsage",
      "id": "",
      "lastModifiedById": "0052w000007mbAqAAI",
      "lastModifiedByName": "Dhruv Chowdary",
      "lastModifiedDate": "1970-01-01T00:00:00.000Z",
      "namespacePrefix": "",
      "type": "CustomObject"
    },
    {
      "createdById": "0052w000007mbAqAAI",
      "createdByName": "Dhruv Chowdary",
      "createdDate": "1970-01-01T00:00:00.000Z",
      "fileName": "objects/QuoteLineItem.object",
      "fullName": "QuoteLineItem",
      "id": "",
      "lastModifiedById": "0052w000007mbAqAAI",
      "lastModifiedByName": "Dhruv Chowdary",
      "lastModifiedDate": "1970-01-01T00:00:00.000Z",
      "namespacePrefix": "",
      "type": "CustomObject"
    },
    {
      "createdById": "0052w000007mbAqAAI",
      "createdByName": "Dhruv Chowdary",
      "createdDate": "2020-12-03T16:06:55.000Z",
      "fileName": "objects/smagicinteract__Internal_Notes__c.object",
      "fullName": "smagicinteract__Internal_Notes__c",
      "id": "01I1s0000001BKPEA2",
      "lastModifiedById": "0052w000007mbAqAAI",
      "lastModifiedByName": "Dhruv Chowdary",
      "lastModifiedDate": "2020-12-03T16:12:15.000Z",
      "manageableState": "installed",
      "namespacePrefix": "smagicinteract",
      "type": "CustomObject"
    },
    {
      "createdById": "0052w000007mbAqAAI",
      "createdByName": "Dhruv Chowdary",
      "createdDate": "1970-01-01T00:00:00.000Z",
      "fileName": "objects/ContentVersion.object",
      "fullName": "ContentVersion",
      "id": "",
      "lastModifiedById": "0052w000007mbAqAAI",
      "lastModifiedByName": "Dhruv Chowdary",
      "lastModifiedDate": "1970-01-01T00:00:00.000Z",
      "namespacePrefix": "",
      "type": "CustomObject"
    },
    {
      "createdById": "0052w000007mbAqAAI",
      "createdByName": "Dhruv Chowdary",
      "createdDate": "1970-01-01T00:00:00.000Z",
      "fileName": "objects/TopicAssignment.object",
      "fullName": "TopicAssignment",
      "id": "",
      "lastModifiedById": "0052w000007mbAqAAI",
      "lastModifiedByName": "Dhruv Chowdary",
      "lastModifiedDate": "1970-01-01T00:00:00.000Z",
      "namespacePrefix": "",
      "type": "CustomObject"
    },
    {
      "createdById": "0052w000007mbAqAAI",
      "createdByName": "Dhruv Chowdary",
      "createdDate": "2020-12-03T16:06:51.000Z",
      "fileName": "objects/smagicinteract__Alpha_SenderID_Map__c.object",
      "fullName": "smagicinteract__Alpha_SenderID_Map__c",
      "id": "01I1s0000001BJmEAM",
      "lastModifiedById": "0052w000007mbAqAAI",
      "lastModifiedByName": "Dhruv Chowdary",
      "lastModifiedDate": "2020-12-03T16:12:08.000Z",
      "manageableState": "installed",
      "namespacePrefix": "smagicinteract",
      "type": "CustomObject"
    },
    {
      "createdById": "0052w0000076UZhAAM",
      "createdByName": "Anand Gupta",
      "createdDate": "2020-10-07T06:57:19.000Z",
      "fileName": "objects/lightningbuddy__Url_Path_Mapping__mdt.object",
      "fullName": "lightningbuddy__Url_Path_Mapping__mdt",
      "id": "01I2w000002CXJ8EAO",
      "lastModifiedById": "0052w0000076UZhAAM",
      "lastModifiedByName": "Anand Gupta",
      "lastModifiedDate": "2020-10-07T06:57:19.000Z",
      "manageableState": "installed",
      "namespacePrefix": "lightningbuddy",
      "type": "CustomObject"
    },
    {
      "createdById": "0052w000007mbAqAAI",
      "createdByName": "Dhruv Chowdary",
      "createdDate": "1970-01-01T00:00:00.000Z",
      "fileName": "objects/ForecastingAdjustment.object",
      "fullName": "ForecastingAdjustment",
      "id": "",
      "lastModifiedById": "0052w000007mbAqAAI",
      "lastModifiedByName": "Dhruv Chowdary",
      "lastModifiedDate": "1970-01-01T00:00:00.000Z",
      "namespacePrefix": "",
      "type": "CustomObject"
    },
    {
      "createdById": "0052w000007mbAqAAI",
      "createdByName": "Dhruv Chowdary",
      "createdDate": "2020-12-03T16:06:55.000Z",
      "fileName": "objects/smagicinteract__Incoming_SMS__c.object",
      "fullName": "smagicinteract__Incoming_SMS__c",
      "id": "01I1s0000001BKLEA2",
      "lastModifiedById": "0052w000007mbAqAAI",
      "lastModifiedByName": "Dhruv Chowdary",
      "lastModifiedDate": "2020-12-03T16:12:15.000Z",
      "manageableState": "installed",
      "namespacePrefix": "smagicinteract",
      "type": "CustomObject"
    },
    {
      "createdById": "0052w000007mbAqAAI",
      "createdByName": "Dhruv Chowdary",
      "createdDate": "1970-01-01T00:00:00.000Z",
      "fileName": "objects/RecordMergeHistory.object",
      "fullName": "RecordMergeHistory",
      "id": "",
      "lastModifiedById": "0052w000007mbAqAAI",
      "lastModifiedByName": "Dhruv Chowdary",
      "lastModifiedDate": "1970-01-01T00:00:00.000Z",
      "namespacePrefix": "",
      "type": "CustomObject"
    },
    {
      "createdById": "0052w000007mbAqAAI",
      "createdByName": "Dhruv Chowdary",
      "createdDate": "2020-12-03T16:06:53.000Z",
      "fileName": "objects/smagicinteract__Conversation_View_Setting__c.object",
      "fullName": "smagicinteract__Conversation_View_Setting__c",
      "id": "01I1s0000001BK4EAM",
      "lastModifiedById": "0052w000007mbAqAAI",
      "lastModifiedByName": "Dhruv Chowdary",
      "lastModifiedDate": "2020-12-03T16:06:53.000Z",
      "manageableState": "installed",
      "namespacePrefix": "smagicinteract",
      "type": "CustomObject"
    },
    {
      "createdById": "0052w000007mbAqAAI",
      "createdByName": "Dhruv Chowdary",
      "createdDate": "2020-12-03T16:06:54.000Z",
      "fileName": "objects/smagicinteract__Filter_Setting__c.object",
      "fullName": "smagicinteract__Filter_Setting__c",
      "id": "01I1s0000001BKIEA2",
      "lastModifiedById": "0052w000007mbAqAAI",
      "lastModifiedByName": "Dhruv Chowdary",
      "lastModifiedDate": "2020-12-03T16:12:14.000Z",
      "manageableState": "installed",
      "namespacePrefix": "smagicinteract",
      "type": "CustomObject"
    },
    {
      "createdById": "0052w000007mbAqAAI",
      "createdByName": "Dhruv Chowdary",
      "createdDate": "1970-01-01T00:00:00.000Z",
      "fileName": "objects/WorkBadge.object",
      "fullName": "WorkBadge",
      "id": "",
      "lastModifiedById": "0052w000007mbAqAAI",
      "lastModifiedByName": "Dhruv Chowdary",
      "lastModifiedDate": "1970-01-01T00:00:00.000Z",
      "namespacePrefix": "",
      "type": "CustomObject"
    },
    {
      "createdById": "0052w000007mbAqAAI",
      "createdByName": "Dhruv Chowdary",
      "createdDate": "2020-12-03T16:07:05.000Z",
      "fileName": "objects/smagicinteract__incoming_lookup_config__c.object",
      "fullName": "smagicinteract__incoming_lookup_config__c",
      "id": "01I1s0000001BL1EAM",
      "lastModifiedById": "0052w000007mbAqAAI",
      "lastModifiedByName": "Dhruv Chowdary",
      "lastModifiedDate": "2020-12-03T16:12:25.000Z",
      "manageableState": "installed",
      "namespacePrefix": "smagicinteract",
      "type": "CustomObject"
    },
    {
      "createdById": "0052w000007mbAqAAI",
      "createdByName": "Dhruv Chowdary",
      "createdDate": "2020-12-03T16:06:51.000Z",
      "fileName": "objects/smagicinteract__Canned_Responses_Setting__c.object",
      "fullName": "smagicinteract__Canned_Responses_Setting__c",
      "id": "01I1s0000001BJnEAM",
      "lastModifiedById": "0052w000007mbAqAAI",
      "lastModifiedByName": "Dhruv Chowdary",
      "lastModifiedDate": "2020-12-03T16:06:51.000Z",
      "manageableState": "installed",
      "namespacePrefix": "smagicinteract",
      "type": "CustomObject"
    },
    {
      "createdById": "0052w000007mbAqAAI",
      "createdByName": "Dhruv Chowdary",
      "createdDate": "2020-12-03T16:06:54.000Z",
      "fileName": "objects/smagicinteract__Error_Log__c.object",
      "fullName": "smagicinteract__Error_Log__c",
      "id": "01I1s0000001BKHEA2",
      "lastModifiedById": "0052w000007mbAqAAI",
      "lastModifiedByName": "Dhruv Chowdary",
      "lastModifiedDate": "2020-12-03T16:12:13.000Z",
      "manageableState": "installed",
      "namespacePrefix": "smagicinteract",
      "type": "CustomObject"
    },
    {
      "createdById": "0052w000007mbAqAAI",
      "createdByName": "Dhruv Chowdary",
      "createdDate": "2020-12-03T16:06:56.000Z",
      "fileName": "objects/smagicinteract__Keyword__c.object",
      "fullName": "smagicinteract__Keyword__c",
      "id": "01I1s0000001BKSEA2",
      "lastModifiedById": "0052w000007mbAqAAI",
      "lastModifiedByName": "Dhruv Chowdary",
      "lastModifiedDate": "2020-12-03T16:12:16.000Z",
      "manageableState": "installed",
      "namespacePrefix": "smagicinteract",
      "type": "CustomObject"
    },
    {
      "createdById": "0052w000007mbAqAAI",
      "createdByName": "Dhruv Chowdary",
      "createdDate": "1970-01-01T00:00:00.000Z",
      "fileName": "objects/Case.object",
      "fullName": "Case",
      "id": "",
      "lastModifiedById": "0052w000007mbAqAAI",
      "lastModifiedByName": "Dhruv Chowdary",
      "lastModifiedDate": "1970-01-01T00:00:00.000Z",
      "namespacePrefix": "",
      "type": "CustomObject"
    },
    {
      "createdById": "0052w000007mbAqAAI",
      "createdByName": "Dhruv Chowdary",
      "createdDate": "2020-12-03T16:06:55.000Z",
      "fileName": "objects/smagicinteract__Incoming_Alert_Configuration__c.object",
      "fullName": "smagicinteract__Incoming_Alert_Configuration__c",
      "id": "01I1s0000001BKJEA2",
      "lastModifiedById": "0052w000007mbAqAAI",
      "lastModifiedByName": "Dhruv Chowdary",
      "lastModifiedDate": "2020-12-03T16:12:14.000Z",
      "manageableState": "installed",
      "namespacePrefix": "smagicinteract",
      "type": "CustomObject"
    },
    {
      "createdById": "0052w000007mbAqAAI",
      "createdByName": "Dhruv Chowdary",
      "createdDate": "2020-12-03T16:06:53.000Z",
      "fileName": "objects/smagicinteract__Conversation_Sender_Map__c.object",
      "fullName": "smagicinteract__Conversation_Sender_Map__c",
      "id": "01I1s0000001BK2EAM",
      "lastModifiedById": "0052w000007mbAqAAI",
      "lastModifiedByName": "Dhruv Chowdary",
      "lastModifiedDate": "2020-12-03T16:12:10.000Z",
      "manageableState": "installed",
      "namespacePrefix": "smagicinteract",
      "type": "CustomObject"
    },
    {
      "createdById": "0052w000007mbAqAAI",
      "createdByName": "Dhruv Chowdary",
      "createdDate": "1970-01-01T00:00:00.000Z",
      "fileName": "objects/Solution.object",
      "fullName": "Solution",
      "id": "",
      "lastModifiedById": "0052w000007mbAqAAI",
      "lastModifiedByName": "Dhruv Chowdary",
      "lastModifiedDate": "1970-01-01T00:00:00.000Z",
      "namespacePrefix": "",
      "type": "CustomObject"
    },
    {
      "createdById": "0052w000007mbAqAAI",
      "createdByName": "Dhruv Chowdary",
      "createdDate": "1970-01-01T00:00:00.000Z",
      "fileName": "objects/Opportunity.object",
      "fullName": "Opportunity",
      "id": "",
      "lastModifiedById": "0052w000007mbAqAAI",
      "lastModifiedByName": "Dhruv Chowdary",
      "lastModifiedDate": "1970-01-01T00:00:00.000Z",
      "namespacePrefix": "",
      "type": "CustomObject"
    },
    {
      "createdById": "0052w000007mbAqAAI",
      "createdByName": "Dhruv Chowdary",
      "createdDate": "1970-01-01T00:00:00.000Z",
      "fileName": "objects/WorkBadgeDefinition.object",
      "fullName": "WorkBadgeDefinition",
      "id": "",
      "lastModifiedById": "0052w000007mbAqAAI",
      "lastModifiedByName": "Dhruv Chowdary",
      "lastModifiedDate": "1970-01-01T00:00:00.000Z",
      "namespacePrefix": "",
      "type": "CustomObject"
    },
    {
      "createdById": "0052w000007mbAqAAI",
      "createdByName": "Dhruv Chowdary",
      "createdDate": "1970-01-01T00:00:00.000Z",
      "fileName": "objects/ProfileSkill.object",
      "fullName": "ProfileSkill",
      "id": "",
      "lastModifiedById": "0052w000007mbAqAAI",
      "lastModifiedByName": "Dhruv Chowdary",
      "lastModifiedDate": "1970-01-01T00:00:00.000Z",
      "namespacePrefix": "",
      "type": "CustomObject"
    },
    {
      "createdById": "0052w000007mbAqAAI",
      "createdByName": "Dhruv Chowdary",
      "createdDate": "2020-12-03T16:06:53.000Z",
      "fileName": "objects/smagicinteract__Converse_App_User_Map__c.object",
      "fullName": "smagicinteract__Converse_App_User_Map__c",
      "id": "01I1s0000001BK9EAM",
      "lastModifiedById": "0052w000007mbAqAAI",
      "lastModifiedByName": "Dhruv Chowdary",
      "lastModifiedDate": "2020-12-03T16:12:12.000Z",
      "manageableState": "installed",
      "namespacePrefix": "smagicinteract",
      "type": "CustomObject"
    },
    {
      "createdById": "0052w000007mbAqAAI",
      "createdByName": "Dhruv Chowdary",
      "createdDate": "1970-01-01T00:00:00.000Z",
      "fileName": "objects/Activity.object",
      "fullName": "Activity",
      "id": "",
      "lastModifiedById": "0052w000007mbAqAAI",
      "lastModifiedByName": "Dhruv Chowdary",
      "lastModifiedDate": "1970-01-01T00:00:00.000Z",
      "namespacePrefix": "",
      "type": "CustomObject"
    },
    {
      "createdById": "0052w000007mbAqAAI",
      "createdByName": "Dhruv Chowdary",
      "createdDate": "2020-12-03T16:07:03.000Z",
      "fileName": "objects/smagicinteract__SenderId_Profile_Map__c.object",
      "fullName": "smagicinteract__SenderId_Profile_Map__c",
      "id": "01I1s0000001BKvEAM",
      "lastModifiedById": "0052w000007mbAqAAI",
      "lastModifiedByName": "Dhruv Chowdary",
      "lastModifiedDate": "2020-12-03T16:12:23.000Z",
      "manageableState": "installed",
      "namespacePrefix": "smagicinteract",
      "type": "CustomObject"
    },
    {
      "createdById": "0052w000007mbAqAAI",
      "createdByName": "Dhruv Chowdary",
      "createdDate": "1970-01-01T00:00:00.000Z",
      "fileName": "objects/PartnerRole.object",
      "fullName": "PartnerRole",
      "id": "",
      "lastModifiedById": "0052w000007mbAqAAI",
      "lastModifiedByName": "Dhruv Chowdary",
      "lastModifiedDate": "1970-01-01T00:00:00.000Z",
      "namespacePrefix": "",
      "type": "CustomObject"
    },
    {
      "createdById": "0052w000007mbAqAAI",
      "createdByName": "Dhruv Chowdary",
      "createdDate": "2020-12-03T16:06:51.000Z",
      "fileName": "objects/smagicinteract__Character_Limit_Setting__c.object",
      "fullName": "smagicinteract__Character_Limit_Setting__c",
      "id": "01I1s0000001BJoEAM",
      "lastModifiedById": "0052w000007mbAqAAI",
      "lastModifiedByName": "Dhruv Chowdary",
      "lastModifiedDate": "2020-12-03T16:06:51.000Z",
      "manageableState": "installed",
      "namespacePrefix": "smagicinteract",
      "type": "CustomObject"
    },
    {
      "createdById": "0052w000007mbAqAAI",
      "createdByName": "Dhruv Chowdary",
      "createdDate": "1970-01-01T00:00:00.000Z",
      "fileName": "objects/Contract.object",
      "fullName": "Contract",
      "id": "",
      "lastModifiedById": "0052w000007mbAqAAI",
      "lastModifiedByName": "Dhruv Chowdary",
      "lastModifiedDate": "1970-01-01T00:00:00.000Z",
      "namespacePrefix": "",
      "type": "CustomObject"
    },
    {
      "createdById": "0052w000007mbAqAAI",
      "createdByName": "Dhruv Chowdary",
      "createdDate": "1970-01-01T00:00:00.000Z",
      "fileName": "objects/ServiceResource.object",
      "fullName": "ServiceResource",
      "id": "",
      "lastModifiedById": "0052w000007mbAqAAI",
      "lastModifiedByName": "Dhruv Chowdary",
      "lastModifiedDate": "1970-01-01T00:00:00.000Z",
      "namespacePrefix": "",
      "type": "CustomObject"
    },
    {
      "createdById": "0052w000007mbAqAAI",
      "createdByName": "Dhruv Chowdary",
      "createdDate": "1970-01-01T00:00:00.000Z",
      "fileName": "objects/RecordAction.object",
      "fullName": "RecordAction",
      "id": "",
      "lastModifiedById": "0052w000007mbAqAAI",
      "lastModifiedByName": "Dhruv Chowdary",
      "lastModifiedDate": "1970-01-01T00:00:00.000Z",
      "namespacePrefix": "",
      "type": "CustomObject"
    },
    {
      "createdById": "0052w000007mbAqAAI",
      "createdByName": "Dhruv Chowdary",
      "createdDate": "1970-01-01T00:00:00.000Z",
      "fileName": "objects/PromptAction.object",
      "fullName": "PromptAction",
      "id": "",
      "lastModifiedById": "0052w000007mbAqAAI",
      "lastModifiedByName": "Dhruv Chowdary",
      "lastModifiedDate": "1970-01-01T00:00:00.000Z",
      "namespacePrefix": "",
      "type": "CustomObject"
    },
    {
      "createdById": "0052w000007mbAqAAI",
      "createdByName": "Dhruv Chowdary",
      "createdDate": "1970-01-01T00:00:00.000Z",
      "fileName": "objects/Order.object",
      "fullName": "Order",
      "id": "",
      "lastModifiedById": "0052w000007mbAqAAI",
      "lastModifiedByName": "Dhruv Chowdary",
      "lastModifiedDate": "1970-01-01T00:00:00.000Z",
      "namespacePrefix": "",
      "type": "CustomObject"
    },
    {
      "createdById": "0052w000007mbAqAAI",
      "createdByName": "Dhruv Chowdary",
      "createdDate": "1970-01-01T00:00:00.000Z",
      "fileName": "objects/DuplicateRecordSet.object",
      "fullName": "DuplicateRecordSet",
      "id": "",
      "lastModifiedById": "0052w000007mbAqAAI",
      "lastModifiedByName": "Dhruv Chowdary",
      "lastModifiedDate": "1970-01-01T00:00:00.000Z",
      "namespacePrefix": "",
      "type": "CustomObject"
    },
    {
      "createdById": "0052w000007mbAqAAI",
      "createdByName": "Dhruv Chowdary",
      "createdDate": "1970-01-01T00:00:00.000Z",
      "fileName": "objects/SocialPersona.object",
      "fullName": "SocialPersona",
      "id": "",
      "lastModifiedById": "0052w000007mbAqAAI",
      "lastModifiedByName": "Dhruv Chowdary",
      "lastModifiedDate": "1970-01-01T00:00:00.000Z",
      "namespacePrefix": "",
      "type": "CustomObject"
    },
    {
      "createdById": "0052w000007mbAqAAI",
      "createdByName": "Dhruv Chowdary",
      "createdDate": "1970-01-01T00:00:00.000Z",
      "fileName": "objects/SkillRequirement.object",
      "fullName": "SkillRequirement",
      "id": "",
      "lastModifiedById": "0052w000007mbAqAAI",
      "lastModifiedByName": "Dhruv Chowdary",
      "lastModifiedDate": "1970-01-01T00:00:00.000Z",
      "namespacePrefix": "",
      "type": "CustomObject"
    },
    {
      "createdById": "0052w000007mbAqAAI",
      "createdByName": "Dhruv Chowdary",
      "createdDate": "1970-01-01T00:00:00.000Z",
      "fileName": "objects/SocialPost.object",
      "fullName": "SocialPost",
      "id": "",
      "lastModifiedById": "0052w000007mbAqAAI",
      "lastModifiedByName": "Dhruv Chowdary",
      "lastModifiedDate": "1970-01-01T00:00:00.000Z",
      "namespacePrefix": "",
      "type": "CustomObject"
    },
    {
      "createdById": "0052w000007mbAqAAI",
      "createdByName": "Dhruv Chowdary",
      "createdDate": "2020-12-03T16:06:55.000Z",
      "fileName": "objects/smagicinteract__Incoming_MMS_Detail__c.object",
      "fullName": "smagicinteract__Incoming_MMS_Detail__c",
      "id": "01I1s0000001BKKEA2",
      "lastModifiedById": "0052w000007mbAqAAI",
      "lastModifiedByName": "Dhruv Chowdary",
      "lastModifiedDate": "2020-12-03T16:12:14.000Z",
      "manageableState": "installed",
      "namespacePrefix": "smagicinteract",
      "type": "CustomObject"
    },
    {
      "createdById": "0052w000007mbAqAAI",
      "createdByName": "Dhruv Chowdary",
      "createdDate": "2020-12-03T16:07:05.000Z",
      "fileName": "objects/smagicinteract__lookup_config__c.object",
      "fullName": "smagicinteract__lookup_config__c",
      "id": "01I1s0000001BL2EAM",
      "lastModifiedById": "0052w000007mbAqAAI",
      "lastModifiedByName": "Dhruv Chowdary",
      "lastModifiedDate": "2020-12-03T16:12:25.000Z",
      "manageableState": "installed",
      "namespacePrefix": "smagicinteract",
      "type": "CustomObject"
    },
    {
      "createdById": "0052w0000076UZhAAM",
      "createdByName": "Anand Gupta",
      "createdDate": "2020-10-07T06:57:19.000Z",
      "fileName": "objects/lightningbuddy__Welcome_Mat_Tile__c.object",
      "fullName": "lightningbuddy__Welcome_Mat_Tile__c",
      "id": "01I2w000002CXJ7EAO",
      "lastModifiedById": "0052w0000076UZhAAM",
      "lastModifiedByName": "Anand Gupta",
      "lastModifiedDate": "2020-10-07T06:57:19.000Z",
      "manageableState": "installed",
      "namespacePrefix": "lightningbuddy",
      "type": "CustomObject"
    },
    {
      "createdById": "0052w000007mbAqAAI",
      "createdByName": "Dhruv Chowdary",
      "createdDate": "2020-12-03T16:06:52.000Z",
      "fileName": "objects/smagicinteract__Conversation_Intent_Map__c.object",
      "fullName": "smagicinteract__Conversation_Intent_Map__c",
      "id": "01I1s0000001BJzEAM",
      "lastModifiedById": "0052w000007mbAqAAI",
      "lastModifiedByName": "Dhruv Chowdary",
      "lastModifiedDate": "2020-12-03T16:12:10.000Z",
      "manageableState": "installed",
      "namespacePrefix": "smagicinteract",
      "type": "CustomObject"
    },
    {
      "createdById": "0052w000007mbAqAAI",
      "createdByName": "Dhruv Chowdary",
      "createdDate": "2020-12-03T16:06:55.000Z",
      "fileName": "objects/smagicinteract__Internal_Note_Setting__c.object",
      "fullName": "smagicinteract__Internal_Note_Setting__c",
      "id": "01I1s0000001BKOEA2",
      "lastModifiedById": "0052w000007mbAqAAI",
      "lastModifiedByName": "Dhruv Chowdary",
      "lastModifiedDate": "2020-12-03T16:06:55.000Z",
      "manageableState": "installed",
      "namespacePrefix": "smagicinteract",
      "type": "CustomObject"
    },
    {
      "createdById": "0052w000007mbAqAAI",
      "createdByName": "Dhruv Chowdary",
      "createdDate": "2020-12-03T16:06:57.000Z",
      "fileName": "objects/smagicinteract__List_View_Configuration__c.object",
      "fullName": "smagicinteract__List_View_Configuration__c",
      "id": "01I1s0000001BKWEA2",
      "lastModifiedById": "0052w000007mbAqAAI",
      "lastModifiedByName": "Dhruv Chowdary",
      "lastModifiedDate": "2020-12-03T16:12:17.000Z",
      "manageableState": "installed",
      "namespacePrefix": "smagicinteract",
      "type": "CustomObject"
    },
    {
      "createdById": "0052w000007mbAqAAI",
      "createdByName": "Dhruv Chowdary",
      "createdDate": "2020-10-23T07:15:11.000Z",
      "fileName": "objects/Renewals__c.object",
      "fullName": "Renewals__c",
      "id": "01I1s000000156rEAA",
      "lastModifiedById": "0052w000007mbAqAAI",
      "lastModifiedByName": "Dhruv Chowdary",
      "lastModifiedDate": "2020-10-23T07:37:46.000Z",
      "manageableState": "unmanaged",
      "type": "CustomObject"
    },
    {
      "createdById": "0052w000007mbAqAAI",
      "createdByName": "Dhruv Chowdary",
      "createdDate": "1970-01-01T00:00:00.000Z",
      "fileName": "objects/ForecastingCategoryMapping.object",
      "fullName": "ForecastingCategoryMapping",
      "id": "",
      "lastModifiedById": "0052w000007mbAqAAI",
      "lastModifiedByName": "Dhruv Chowdary",
      "lastModifiedDate": "1970-01-01T00:00:00.000Z",
      "namespacePrefix": "",
      "type": "CustomObject"
    },
    {
      "createdById": "0052w000007mbAqAAI",
      "createdByName": "Dhruv Chowdary",
      "createdDate": "1970-01-01T00:00:00.000Z",
      "fileName": "objects/CaseContactRole.object",
      "fullName": "CaseContactRole",
      "id": "",
      "lastModifiedById": "0052w000007mbAqAAI",
      "lastModifiedByName": "Dhruv Chowdary",
      "lastModifiedDate": "1970-01-01T00:00:00.000Z",
      "namespacePrefix": "",
      "type": "CustomObject"
    },
    {
      "createdById": "0052w000007mbAqAAI",
      "createdByName": "Dhruv Chowdary",
      "createdDate": "2020-12-03T16:07:00.000Z",
      "fileName": "objects/smagicinteract__Optout_Settings__c.object",
      "fullName": "smagicinteract__Optout_Settings__c",
      "id": "01I1s0000001BKfEAM",
      "lastModifiedById": "0052w000007mbAqAAI",
      "lastModifiedByName": "Dhruv Chowdary",
      "lastModifiedDate": "2020-12-03T16:12:20.000Z",
      "manageableState": "installed",
      "namespacePrefix": "smagicinteract",
      "type": "CustomObject"
    },
    {
      "createdById": "0052w000007mbAqAAI",
      "createdByName": "Dhruv Chowdary",
      "createdDate": "1970-01-01T00:00:00.000Z",
      "fileName": "objects/ExpressionFilter.object",
      "fullName": "ExpressionFilter",
      "id": "",
      "lastModifiedById": "0052w000007mbAqAAI",
      "lastModifiedByName": "Dhruv Chowdary",
      "lastModifiedDate": "1970-01-01T00:00:00.000Z",
      "namespacePrefix": "",
      "type": "CustomObject"
    },
    {
      "createdById": "0052w000007mbAqAAI",
      "createdByName": "Dhruv Chowdary",
      "createdDate": "1970-01-01T00:00:00.000Z",
      "fileName": "objects/AgentWorkSkill.object",
      "fullName": "AgentWorkSkill",
      "id": "",
      "lastModifiedById": "0052w000007mbAqAAI",
      "lastModifiedByName": "Dhruv Chowdary",
      "lastModifiedDate": "1970-01-01T00:00:00.000Z",
      "namespacePrefix": "",
      "type": "CustomObject"
    },
    {
      "createdById": "0052w000007mbAqAAI",
      "createdByName": "Dhruv Chowdary",
      "createdDate": "1970-01-01T00:00:00.000Z",
      "fileName": "objects/Recommendation.object",
      "fullName": "Recommendation",
      "id": "",
      "lastModifiedById": "0052w000007mbAqAAI",
      "lastModifiedByName": "Dhruv Chowdary",
      "lastModifiedDate": "1970-01-01T00:00:00.000Z",
      "namespacePrefix": "",
      "type": "CustomObject"
    },
    {
      "createdById": "0052w000007mbAqAAI",
      "createdByName": "Dhruv Chowdary",
      "createdDate": "2020-12-03T16:07:03.000Z",
      "fileName": "objects/smagicinteract__Scheduled_SMS__c.object",
      "fullName": "smagicinteract__Scheduled_SMS__c",
      "id": "01I1s0000001BKuEAM",
      "lastModifiedById": "0052w000007mbAqAAI",
      "lastModifiedByName": "Dhruv Chowdary",
      "lastModifiedDate": "2020-12-03T16:12:23.000Z",
      "manageableState": "installed",
      "namespacePrefix": "smagicinteract",
      "type": "CustomObject"
    },
    {
      "createdById": "0052w000007mbAqAAI",
      "createdByName": "Dhruv Chowdary",
      "createdDate": "2020-12-03T16:07:00.000Z",
      "fileName": "objects/smagicinteract__Object_Metadata_Config__c.object",
      "fullName": "smagicinteract__Object_Metadata_Config__c",
      "id": "01I1s0000001BKeEAM",
      "lastModifiedById": "0052w000007mbAqAAI",
      "lastModifiedByName": "Dhruv Chowdary",
      "lastModifiedDate": "2020-12-03T16:12:19.000Z",
      "manageableState": "installed",
      "namespacePrefix": "smagicinteract",
      "type": "CustomObject"
    },
    {
      "createdById": "0052w000007mbAqAAI",
      "createdByName": "Dhruv Chowdary",
      "createdDate": "2020-12-03T16:06:51.000Z",
      "fileName": "objects/smagicinteract__Action__c.object",
      "fullName": "smagicinteract__Action__c",
      "id": "01I1s0000001BJlEAM",
      "lastModifiedById": "0052w000007mbAqAAI",
      "lastModifiedByName": "Dhruv Chowdary",
      "lastModifiedDate": "2020-12-03T16:12:08.000Z",
      "manageableState": "installed",
      "namespacePrefix": "smagicinteract",
      "type": "CustomObject"
    },
    {
      "createdById": "0052w000007mbAqAAI",
      "createdByName": "Dhruv Chowdary",
      "createdDate": "1970-01-01T00:00:00.000Z",
      "fileName": "objects/FeedItem.object",
      "fullName": "FeedItem",
      "id": "",
      "lastModifiedById": "0052w000007mbAqAAI",
      "lastModifiedByName": "Dhruv Chowdary",
      "lastModifiedDate": "1970-01-01T00:00:00.000Z",
      "namespacePrefix": "",
      "type": "CustomObject"
    },
    {
      "createdById": "0052w000007mbAqAAI",
      "createdByName": "Dhruv Chowdary",
      "createdDate": "2020-12-03T16:06:51.000Z",
      "fileName": "objects/smagicinteract__Confirmation_Config__c.object",
      "fullName": "smagicinteract__Confirmation_Config__c",
      "id": "01I1s0000001BJsEAM",
      "lastModifiedById": "0052w000007mbAqAAI",
      "lastModifiedByName": "Dhruv Chowdary",
      "lastModifiedDate": "2020-12-03T16:12:09.000Z",
      "manageableState": "installed",
      "namespacePrefix": "smagicinteract",
      "type": "CustomObject"
    },
    {
      "createdById": "0052w000007mbAqAAI",
      "createdByName": "Dhruv Chowdary",
      "createdDate": "2020-12-03T16:06:52.000Z",
      "fileName": "objects/smagicinteract__Consent__c.object",
      "fullName": "smagicinteract__Consent__c",
      "id": "01I1s0000001BJuEAM",
      "lastModifiedById": "0052w000007mbAqAAI",
      "lastModifiedByName": "Dhruv Chowdary",
      "lastModifiedDate": "2020-12-03T16:12:09.000Z",
      "manageableState": "installed",
      "namespacePrefix": "smagicinteract",
      "type": "CustomObject"
    },
    {
      "createdById": "0052w000007mbAqAAI",
      "createdByName": "Dhruv Chowdary",
      "createdDate": "1970-01-01T00:00:00.000Z",
      "fileName": "objects/QuickText.object",
      "fullName": "QuickText",
      "id": "",
      "lastModifiedById": "0052w000007mbAqAAI",
      "lastModifiedByName": "Dhruv Chowdary",
      "lastModifiedDate": "1970-01-01T00:00:00.000Z",
      "namespacePrefix": "",
      "type": "CustomObject"
    },
    {
      "createdById": "0052w000007mbAqAAI",
      "createdByName": "Dhruv Chowdary",
      "createdDate": "1970-01-01T00:00:00.000Z",
      "fileName": "objects/MLModelFactor.object",
      "fullName": "MLModelFactor",
      "id": "",
      "lastModifiedById": "0052w000007mbAqAAI",
      "lastModifiedByName": "Dhruv Chowdary",
      "lastModifiedDate": "1970-01-01T00:00:00.000Z",
      "namespacePrefix": "",
      "type": "CustomObject"
    },
    {
      "createdById": "0052w000007mbAqAAI",
      "createdByName": "Dhruv Chowdary",
      "createdDate": "2020-12-03T16:06:54.000Z",
      "fileName": "objects/smagicinteract__Duration_To_View_History__c.object",
      "fullName": "smagicinteract__Duration_To_View_History__c",
      "id": "01I1s0000001BKGEA2",
      "lastModifiedById": "0052w000007mbAqAAI",
      "lastModifiedByName": "Dhruv Chowdary",
      "lastModifiedDate": "2020-12-03T16:06:54.000Z",
      "manageableState": "installed",
      "namespacePrefix": "smagicinteract",
      "type": "CustomObject"
    },
    {
      "createdById": "0052w000007mbAqAAI",
      "createdByName": "Dhruv Chowdary",
      "createdDate": "1970-01-01T00:00:00.000Z",
      "fileName": "objects/MacroInstruction.object",
      "fullName": "MacroInstruction",
      "id": "",
      "lastModifiedById": "0052w000007mbAqAAI",
      "lastModifiedByName": "Dhruv Chowdary",
      "lastModifiedDate": "1970-01-01T00:00:00.000Z",
      "namespacePrefix": "",
      "type": "CustomObject"
    },
    {
      "createdById": "0052w000007mbAqAAI",
      "createdByName": "Dhruv Chowdary",
      "createdDate": "1970-01-01T00:00:00.000Z",
      "fileName": "objects/Event.object",
      "fullName": "Event",
      "id": "",
      "lastModifiedById": "0052w000007mbAqAAI",
      "lastModifiedByName": "Dhruv Chowdary",
      "lastModifiedDate": "1970-01-01T00:00:00.000Z",
      "namespacePrefix": "",
      "type": "CustomObject"
    },
    {
      "createdById": "0052w000007mbAqAAI",
      "createdByName": "Dhruv Chowdary",
      "createdDate": "2020-12-03T16:06:55.000Z",
      "fileName": "objects/smagicinteract__Interface_Category__mdt.object",
      "fullName": "smagicinteract__Interface_Category__mdt",
      "id": "01I1s0000001BKMEA2",
      "lastModifiedById": "0052w000007mbAqAAI",
      "lastModifiedByName": "Dhruv Chowdary",
      "lastModifiedDate": "2020-12-03T16:06:55.000Z",
      "manageableState": "installed",
      "namespacePrefix": "smagicinteract",
      "type": "CustomObject"
    },
    {
      "createdById": "0052w000007mbAqAAI",
      "createdByName": "Dhruv Chowdary",
      "createdDate": "1970-01-01T00:00:00.000Z",
      "fileName": "objects/ChatterActivity.object",
      "fullName": "ChatterActivity",
      "id": "",
      "lastModifiedById": "0052w000007mbAqAAI",
      "lastModifiedByName": "Dhruv Chowdary",
      "lastModifiedDate": "1970-01-01T00:00:00.000Z",
      "namespacePrefix": "",
      "type": "CustomObject"
    },
    {
      "createdById": "0052w000007mbAqAAI",
      "createdByName": "Dhruv Chowdary",
      "createdDate": "1970-01-01T00:00:00.000Z",
      "fileName": "objects/CollaborationGroupMember.object",
      "fullName": "CollaborationGroupMember",
      "id": "",
      "lastModifiedById": "0052w000007mbAqAAI",
      "lastModifiedByName": "Dhruv Chowdary",
      "lastModifiedDate": "1970-01-01T00:00:00.000Z",
      "namespacePrefix": "",
      "type": "CustomObject"
    },
    {
      "createdById": "0052w000007mbAqAAI",
      "createdByName": "Dhruv Chowdary",
      "createdDate": "2020-12-03T16:06:51.000Z",
      "fileName": "objects/smagicinteract__Child_Object_Config__c.object",
      "fullName": "smagicinteract__Child_Object_Config__c",
      "id": "01I1s0000001BJpEAM",
      "lastModifiedById": "0052w000007mbAqAAI",
      "lastModifiedByName": "Dhruv Chowdary",
      "lastModifiedDate": "2020-12-03T16:12:08.000Z",
      "manageableState": "installed",
      "namespacePrefix": "smagicinteract",
      "type": "CustomObject"
    },
    {
      "createdById": "0052w0000076UZhAAM",
      "createdByName": "Anand Gupta",
      "createdDate": "2020-10-07T06:57:19.000Z",
      "fileName": "objects/lightningbuddy__Actions__c.object",
      "fullName": "lightningbuddy__Actions__c",
      "id": "01I2w000002CXJ1EAO",
      "lastModifiedById": "0052w0000076UZhAAM",
      "lastModifiedByName": "Anand Gupta",
      "lastModifiedDate": "2020-10-07T06:57:19.000Z",
      "manageableState": "installed",
      "namespacePrefix": "lightningbuddy",
      "type": "CustomObject"
    },
    {
      "createdById": "0052w000007mbAqAAI",
      "createdByName": "Dhruv Chowdary",
      "createdDate": "2020-12-03T16:06:52.000Z",
      "fileName": "objects/smagicinteract__ContentType__c.object",
      "fullName": "smagicinteract__ContentType__c",
      "id": "01I1s0000001BJwEAM",
      "lastModifiedById": "0052w000007mbAqAAI",
      "lastModifiedByName": "Dhruv Chowdary",
      "lastModifiedDate": "2020-12-03T16:12:10.000Z",
      "manageableState": "installed",
      "namespacePrefix": "smagicinteract",
      "type": "CustomObject"
    },
    {
      "createdById": "0052w000007mbAqAAI",
      "createdByName": "Dhruv Chowdary",
      "createdDate": "2020-12-03T16:06:50.000Z",
      "fileName": "objects/smagicinteract__Action_Parameter__c.object",
      "fullName": "smagicinteract__Action_Parameter__c",
      "id": "01I1s0000001BJkEAM",
      "lastModifiedById": "0052w000007mbAqAAI",
      "lastModifiedByName": "Dhruv Chowdary",
      "lastModifiedDate": "2020-12-03T16:12:08.000Z",
      "manageableState": "installed",
      "namespacePrefix": "smagicinteract",
      "type": "CustomObject"
    },
    {
      "createdById": "0052w000007mbAqAAI",
      "createdByName": "Dhruv Chowdary",
      "createdDate": "1970-01-01T00:00:00.000Z",
      "fileName": "objects/AssociatedLocation.object",
      "fullName": "AssociatedLocation",
      "id": "",
      "lastModifiedById": "0052w000007mbAqAAI",
      "lastModifiedByName": "Dhruv Chowdary",
      "lastModifiedDate": "1970-01-01T00:00:00.000Z",
      "namespacePrefix": "",
      "type": "CustomObject"
    },
    {
      "createdById": "0052w000007mbAqAAI",
      "createdByName": "Dhruv Chowdary",
      "createdDate": "1970-01-01T00:00:00.000Z",
      "fileName": "objects/StreamingChannel.object",
      "fullName": "StreamingChannel",
      "id": "",
      "lastModifiedById": "0052w000007mbAqAAI",
      "lastModifiedByName": "Dhruv Chowdary",
      "lastModifiedDate": "1970-01-01T00:00:00.000Z",
      "namespacePrefix": "",
      "type": "CustomObject"
    },
    {
      "createdById": "0052w000007mbAqAAI",
      "createdByName": "Dhruv Chowdary",
      "createdDate": "2020-12-03T16:07:01.000Z",
      "fileName": "objects/smagicinteract__SMS_Magic_SetUp_Tracker__c.object",
      "fullName": "smagicinteract__SMS_Magic_SetUp_Tracker__c",
      "id": "01I1s0000001BKoEAM",
      "lastModifiedById": "0052w000007mbAqAAI",
      "lastModifiedByName": "Dhruv Chowdary",
      "lastModifiedDate": "2020-12-03T16:07:01.000Z",
      "manageableState": "installed",
      "namespacePrefix": "smagicinteract",
      "type": "CustomObject"
    },
    {
      "createdById": "0052w000007mbAqAAI",
      "createdByName": "Dhruv Chowdary",
      "createdDate": "2020-12-03T16:07:02.000Z",
      "fileName": "objects/smagicinteract__SMS_SenderId__c.object",
      "fullName": "smagicinteract__SMS_SenderId__c",
      "id": "01I1s0000001BKrEAM",
      "lastModifiedById": "0052w000007mbAqAAI",
      "lastModifiedByName": "Dhruv Chowdary",
      "lastModifiedDate": "2020-12-03T16:12:21.000Z",
      "manageableState": "installed",
      "namespacePrefix": "smagicinteract",
      "type": "CustomObject"
    },
    {
      "createdById": "0052w000007mbAqAAI",
      "createdByName": "Dhruv Chowdary",
      "createdDate": "2020-12-03T16:06:54.000Z",
      "fileName": "objects/smagicinteract__Converse_App__c.object",
      "fullName": "smagicinteract__Converse_App__c",
      "id": "01I1s0000001BKAEA2",
      "lastModifiedById": "0052w000007mbAqAAI",
      "lastModifiedByName": "Dhruv Chowdary",
      "lastModifiedDate": "2020-12-03T16:12:13.000Z",
      "manageableState": "installed",
      "namespacePrefix": "smagicinteract",
      "type": "CustomObject"
    },
    {
      "createdById": "0052w000007mbAqAAI",
      "createdByName": "Dhruv Chowdary",
      "createdDate": "2020-12-03T16:07:02.000Z",
      "fileName": "objects/smagicinteract__SMS_Template_Type__c.object",
      "fullName": "smagicinteract__SMS_Template_Type__c",
      "id": "01I1s0000001BKsEAM",
      "lastModifiedById": "0052w000007mbAqAAI",
      "lastModifiedByName": "Dhruv Chowdary",
      "lastModifiedDate": "2020-12-03T16:12:22.000Z",
      "manageableState": "installed",
      "namespacePrefix": "smagicinteract",
      "type": "CustomObject"
    },
    {
      "createdById": "0052w000007mbAqAAI",
      "createdByName": "Dhruv Chowdary",
      "createdDate": "2020-12-03T16:07:04.000Z",
      "fileName": "objects/smagicinteract__countryISDCode__mdt.object",
      "fullName": "smagicinteract__countryISDCode__mdt",
      "id": "01I1s0000001BKyEAM",
      "lastModifiedById": "0052w000007mbAqAAI",
      "lastModifiedByName": "Dhruv Chowdary",
      "lastModifiedDate": "2020-12-03T16:07:04.000Z",
      "manageableState": "installed",
      "namespacePrefix": "smagicinteract",
      "type": "CustomObject"
    },
    {
      "createdById": "0052w0000076UZhAAM",
      "createdByName": "Anand Gupta",
      "createdDate": "2020-10-07T06:57:19.000Z",
      "fileName": "objects/lightningbuddy__Action_User_Preference__c.object",
      "fullName": "lightningbuddy__Action_User_Preference__c",
      "id": "01I2w000002CXJ3EAO",
      "lastModifiedById": "0052w0000076UZhAAM",
      "lastModifiedByName": "Anand Gupta",
      "lastModifiedDate": "2020-10-07T06:57:19.000Z",
      "manageableState": "installed",
      "namespacePrefix": "lightningbuddy",
      "type": "CustomObject"
    },
    {
      "createdById": "0052w000007mbAqAAI",
      "createdByName": "Dhruv Chowdary",
      "createdDate": "1970-01-01T00:00:00.000Z",
      "fileName": "objects/Task.object",
      "fullName": "Task",
      "id": "",
      "lastModifiedById": "0052w000007mbAqAAI",
      "lastModifiedByName": "Dhruv Chowdary",
      "lastModifiedDate": "1970-01-01T00:00:00.000Z",
      "namespacePrefix": "",
      "type": "CustomObject"
    },
    {
      "createdById": "0052w000007mbAqAAI",
      "createdByName": "Dhruv Chowdary",
      "createdDate": "2020-12-03T16:06:52.000Z",
      "fileName": "objects/smagicinteract__Conversation_Assignment_Notify_Setting__c.object",
      "fullName": "smagicinteract__Conversation_Assignment_Notify_Setting__c",
      "id": "01I1s0000001BJxEAM",
      "lastModifiedById": "0052w000007mbAqAAI",
      "lastModifiedByName": "Dhruv Chowdary",
      "lastModifiedDate": "2020-12-03T16:06:52.000Z",
      "manageableState": "installed",
      "namespacePrefix": "smagicinteract",
      "type": "CustomObject"
    },
    {
      "createdById": "0052w000007mbAqAAI",
      "createdByName": "Dhruv Chowdary",
      "createdDate": "2020-12-03T16:06:52.000Z",
      "fileName": "objects/smagicinteract__Conversation_Recipient_Map__c.object",
      "fullName": "smagicinteract__Conversation_Recipient_Map__c",
      "id": "01I1s0000001BK0EAM",
      "lastModifiedById": "0052w000007mbAqAAI",
      "lastModifiedByName": "Dhruv Chowdary",
      "lastModifiedDate": "2020-12-03T16:12:10.000Z",
      "manageableState": "installed",
      "namespacePrefix": "smagicinteract",
      "type": "CustomObject"
    },
    {
      "createdById": "0052w000007mbAqAAI",
      "createdByName": "Dhruv Chowdary",
      "createdDate": "2020-12-03T16:06:56.000Z",
      "fileName": "objects/smagicinteract__Keyword_Action_Config__c.object",
      "fullName": "smagicinteract__Keyword_Action_Config__c",
      "id": "01I1s0000001BKQEA2",
      "lastModifiedById": "0052w000007mbAqAAI",
      "lastModifiedByName": "Dhruv Chowdary",
      "lastModifiedDate": "2020-12-03T16:12:16.000Z",
      "manageableState": "installed",
      "namespacePrefix": "smagicinteract",
      "type": "CustomObject"
    },
    {
      "createdById": "0052w000007mbAqAAI",
      "createdByName": "Dhruv Chowdary",
      "createdDate": "1970-01-01T00:00:00.000Z",
      "fileName": "objects/AccountContactRole.object",
      "fullName": "AccountContactRole",
      "id": "",
      "lastModifiedById": "0052w000007mbAqAAI",
      "lastModifiedByName": "Dhruv Chowdary",
      "lastModifiedDate": "1970-01-01T00:00:00.000Z",
      "namespacePrefix": "",
      "type": "CustomObject"
    },
    {
      "createdById": "0052w000007mbAqAAI",
      "createdByName": "Dhruv Chowdary",
      "createdDate": "1970-01-01T00:00:00.000Z",
      "fileName": "objects/Account.object",
      "fullName": "Account",
      "id": "",
      "lastModifiedById": "0052w000007mbAqAAI",
      "lastModifiedByName": "Dhruv Chowdary",
      "lastModifiedDate": "1970-01-01T00:00:00.000Z",
      "namespacePrefix": "",
      "type": "CustomObject"
    },
    {
      "createdById": "0052w000007mbAqAAI",
      "createdByName": "Dhruv Chowdary",
      "createdDate": "2020-12-03T16:06:53.000Z",
      "fileName": "objects/smagicinteract__Conversation_Threading__mdt.object",
      "fullName": "smagicinteract__Conversation_Threading__mdt",
      "id": "01I1s0000001BK3EAM",
      "lastModifiedById": "0052w000007mbAqAAI",
      "lastModifiedByName": "Dhruv Chowdary",
      "lastModifiedDate": "2020-12-03T16:06:53.000Z",
      "manageableState": "installed",
      "namespacePrefix": "smagicinteract",
      "type": "CustomObject"
    },
    {
      "createdById": "0052w000007mbAqAAI",
      "createdByName": "Dhruv Chowdary",
      "createdDate": "2020-12-03T16:06:53.000Z",
      "fileName": "objects/smagicinteract__Conversation_Related_Objects__c.object",
      "fullName": "smagicinteract__Conversation_Related_Objects__c",
      "id": "01I1s0000001BK1EAM",
      "lastModifiedById": "0052w000007mbAqAAI",
      "lastModifiedByName": "Dhruv Chowdary",
      "lastModifiedDate": "2020-12-03T16:12:10.000Z",
      "manageableState": "installed",
      "namespacePrefix": "smagicinteract",
      "type": "CustomObject"
    },
    {
      "createdById": "0052w000007mbAqAAI",
      "createdByName": "Dhruv Chowdary",
      "createdDate": "1970-01-01T00:00:00.000Z",
      "fileName": "objects/ContactRequest.object",
      "fullName": "ContactRequest",
      "id": "",
      "lastModifiedById": "0052w000007mbAqAAI",
      "lastModifiedByName": "Dhruv Chowdary",
      "lastModifiedDate": "1970-01-01T00:00:00.000Z",
      "namespacePrefix": "",
      "type": "CustomObject"
    },
    {
      "createdById": "0052w000007mbAqAAI",
      "createdByName": "Dhruv Chowdary",
      "createdDate": "1970-01-01T00:00:00.000Z",
      "fileName": "objects/UserProvisioningRequest.object",
      "fullName": "UserProvisioningRequest",
      "id": "",
      "lastModifiedById": "0052w000007mbAqAAI",
      "lastModifiedByName": "Dhruv Chowdary",
      "lastModifiedDate": "1970-01-01T00:00:00.000Z",
      "namespacePrefix": "",
      "type": "CustomObject"
    },
    {
      "createdById": "0052w000007mbAqAAI",
      "createdByName": "Dhruv Chowdary",
      "createdDate": "1970-01-01T00:00:00.000Z",
      "fileName": "objects/DuplicateRecordItem.object",
      "fullName": "DuplicateRecordItem",
      "id": "",
      "lastModifiedById": "0052w000007mbAqAAI",
      "lastModifiedByName": "Dhruv Chowdary",
      "lastModifiedDate": "1970-01-01T00:00:00.000Z",
      "namespacePrefix": "",
      "type": "CustomObject"
    },
    {
      "createdById": "0052w000007mbAqAAI",
      "createdByName": "Dhruv Chowdary",
      "createdDate": "2020-12-03T16:06:56.000Z",
      "fileName": "objects/smagicinteract__Keyword_Action_Map__c.object",
      "fullName": "smagicinteract__Keyword_Action_Map__c",
      "id": "01I1s0000001BKREA2",
      "lastModifiedById": "0052w000007mbAqAAI",
      "lastModifiedByName": "Dhruv Chowdary",
      "lastModifiedDate": "2020-12-03T16:12:16.000Z",
      "manageableState": "installed",
      "namespacePrefix": "smagicinteract",
      "type": "CustomObject"
    },
    {
      "createdById": "0052w000007mbAqAAI",
      "createdByName": "Dhruv Chowdary",
      "createdDate": "2020-12-03T16:06:52.000Z",
      "fileName": "objects/smagicinteract__Consent_Audit_History__c.object",
      "fullName": "smagicinteract__Consent_Audit_History__c",
      "id": "01I1s0000001BJtEAM",
      "lastModifiedById": "0052w000007mbAqAAI",
      "lastModifiedByName": "Dhruv Chowdary",
      "lastModifiedDate": "2020-12-03T16:12:09.000Z",
      "manageableState": "installed",
      "namespacePrefix": "smagicinteract",
      "type": "CustomObject"
    },
    {
      "createdById": "0052w000007mbAqAAI",
      "createdByName": "Dhruv Chowdary",
      "createdDate": "1970-01-01T00:00:00.000Z",
      "fileName": "objects/StreamActivityAccess.object",
      "fullName": "StreamActivityAccess",
      "id": "",
      "lastModifiedById": "0052w000007mbAqAAI",
      "lastModifiedByName": "Dhruv Chowdary",
      "lastModifiedDate": "1970-01-01T00:00:00.000Z",
      "namespacePrefix": "",
      "type": "CustomObject"
    },
    {
      "createdById": "0052w000007mbAqAAI",
      "createdByName": "Dhruv Chowdary",
      "createdDate": "2020-12-03T16:07:01.000Z",
      "fileName": "objects/smagicinteract__Routing_Rule__mdt.object",
      "fullName": "smagicinteract__Routing_Rule__mdt",
      "id": "01I1s0000001BKiEAM",
      "lastModifiedById": "0052w000007mbAqAAI",
      "lastModifiedByName": "Dhruv Chowdary",
      "lastModifiedDate": "2020-12-03T16:07:01.000Z",
      "manageableState": "installed",
      "namespacePrefix": "smagicinteract",
      "type": "CustomObject"
    },
    {
      "createdById": "0052w000007mbAqAAI",
      "createdByName": "Dhruv Chowdary",
      "createdDate": "1970-01-01T00:00:00.000Z",
      "fileName": "objects/Topic.object",
      "fullName": "Topic",
      "id": "",
      "lastModifiedById": "0052w000007mbAqAAI",
      "lastModifiedByName": "Dhruv Chowdary",
      "lastModifiedDate": "1970-01-01T00:00:00.000Z",
      "namespacePrefix": "",
      "type": "CustomObject"
    },
    {
      "createdById": "0052w000007mbAqAAI",
      "createdByName": "Dhruv Chowdary",
      "createdDate": "2020-12-03T16:07:01.000Z",
      "fileName": "objects/smagicinteract__SMS_Magic_Package_Type__c.object",
      "fullName": "smagicinteract__SMS_Magic_Package_Type__c",
      "id": "01I1s0000001BKmEAM",
      "lastModifiedById": "0052w000007mbAqAAI",
      "lastModifiedByName": "Dhruv Chowdary",
      "lastModifiedDate": "2020-12-03T16:07:01.000Z",
      "manageableState": "installed",
      "namespacePrefix": "smagicinteract",
      "type": "CustomObject"
    },
    {
      "createdById": "0052w000007mbAqAAI",
      "createdByName": "Dhruv Chowdary",
      "createdDate": "1970-01-01T00:00:00.000Z",
      "fileName": "objects/PricebookEntry.object",
      "fullName": "PricebookEntry",
      "id": "",
      "lastModifiedById": "0052w000007mbAqAAI",
      "lastModifiedByName": "Dhruv Chowdary",
      "lastModifiedDate": "1970-01-01T00:00:00.000Z",
      "namespacePrefix": "",
      "type": "CustomObject"
    },
    {
      "createdById": "0052w000007mbAqAAI",
      "createdByName": "Dhruv Chowdary",
      "createdDate": "2020-12-03T16:06:53.000Z",
      "fileName": "objects/smagicinteract__Converse_App_Action__c.object",
      "fullName": "smagicinteract__Converse_App_Action__c",
      "id": "01I1s0000001BK6EAM",
      "lastModifiedById": "0052w000007mbAqAAI",
      "lastModifiedByName": "Dhruv Chowdary",
      "lastModifiedDate": "2020-12-03T16:12:11.000Z",
      "manageableState": "installed",
      "namespacePrefix": "smagicinteract",
      "type": "CustomObject"
    },
    {
      "createdById": "0052w000007mbAqAAI",
      "createdByName": "Dhruv Chowdary",
      "createdDate": "1970-01-01T00:00:00.000Z",
      "fileName": "objects/AgentWork.object",
      "fullName": "AgentWork",
      "id": "",
      "lastModifiedById": "0052w000007mbAqAAI",
      "lastModifiedByName": "Dhruv Chowdary",
      "lastModifiedDate": "1970-01-01T00:00:00.000Z",
      "namespacePrefix": "",
      "type": "CustomObject"
    },
    {
      "createdById": "0052w000007mbAqAAI",
      "createdByName": "Dhruv Chowdary",
      "createdDate": "2020-12-03T16:07:02.000Z",
      "fileName": "objects/smagicinteract__SMS_Template__c.object",
      "fullName": "smagicinteract__SMS_Template__c",
      "id": "01I1s0000001BKtEAM",
      "lastModifiedById": "0052w000007mbAqAAI",
      "lastModifiedByName": "Dhruv Chowdary",
      "lastModifiedDate": "2020-12-03T16:12:22.000Z",
      "manageableState": "installed",
      "namespacePrefix": "smagicinteract",
      "type": "CustomObject"
    },
    {
      "createdById": "0052w000007mbAqAAI",
      "createdByName": "Dhruv Chowdary",
      "createdDate": "1970-01-01T00:00:00.000Z",
      "fileName": "objects/Location.object",
      "fullName": "Location",
      "id": "",
      "lastModifiedById": "0052w000007mbAqAAI",
      "lastModifiedByName": "Dhruv Chowdary",
      "lastModifiedDate": "1970-01-01T00:00:00.000Z",
      "namespacePrefix": "",
      "type": "CustomObject"
    },
    {
      "createdById": "0052w000007mbAqAAI",
      "createdByName": "Dhruv Chowdary",
      "createdDate": "1970-01-01T00:00:00.000Z",
      "fileName": "objects/ProfileSkillEndorsement.object",
      "fullName": "ProfileSkillEndorsement",
      "id": "",
      "lastModifiedById": "0052w000007mbAqAAI",
      "lastModifiedByName": "Dhruv Chowdary",
      "lastModifiedDate": "1970-01-01T00:00:00.000Z",
      "namespacePrefix": "",
      "type": "CustomObject"
    },
    {
      "createdById": "0052w000007mbAqAAI",
      "createdByName": "Dhruv Chowdary",
      "createdDate": "1970-01-01T00:00:00.000Z",
      "fileName": "objects/EmailMessage.object",
      "fullName": "EmailMessage",
      "id": "",
      "lastModifiedById": "0052w000007mbAqAAI",
      "lastModifiedByName": "Dhruv Chowdary",
      "lastModifiedDate": "1970-01-01T00:00:00.000Z",
      "namespacePrefix": "",
      "type": "CustomObject"
    },
    {
      "createdById": "0052w000007mbAqAAI",
      "createdByName": "Dhruv Chowdary",
      "createdDate": "2020-12-03T16:07:05.000Z",
      "fileName": "objects/smagicinteract__smsMagic__c.object",
      "fullName": "smagicinteract__smsMagic__c",
      "id": "01I1s0000001BL4EAM",
      "lastModifiedById": "0052w000007mbAqAAI",
      "lastModifiedByName": "Dhruv Chowdary",
      "lastModifiedDate": "2020-12-03T16:12:26.000Z",
      "manageableState": "installed",
      "namespacePrefix": "smagicinteract",
      "type": "CustomObject"
    },
    {
      "createdById": "0052w000007mbAqAAI",
      "createdByName": "Dhruv Chowdary",
      "createdDate": "2020-10-26T05:40:34.000Z",
      "fileName": "objects/Notice__c.object",
      "fullName": "Notice__c",
      "id": "01I1s00000015K5EAI",
      "lastModifiedById": "0052w000007mbAqAAI",
      "lastModifiedByName": "Dhruv Chowdary",
      "lastModifiedDate": "2020-10-26T05:40:34.000Z",
      "manageableState": "unmanaged",
      "type": "CustomObject"
    },
    {
      "createdById": "0052w000007mbAqAAI",
      "createdByName": "Dhruv Chowdary",
      "createdDate": "2020-12-03T16:07:02.000Z",
      "fileName": "objects/smagicinteract__SMS_Schedule__c.object",
      "fullName": "smagicinteract__SMS_Schedule__c",
      "id": "01I1s0000001BKqEAM",
      "lastModifiedById": "0052w000007mbAqAAI",
      "lastModifiedByName": "Dhruv Chowdary",
      "lastModifiedDate": "2020-12-03T16:12:20.000Z",
      "manageableState": "installed",
      "namespacePrefix": "smagicinteract",
      "type": "CustomObject"
    },
    {
      "createdById": "0052w000007mbAqAAI",
      "createdByName": "Dhruv Chowdary",
      "createdDate": "1970-01-01T00:00:00.000Z",
      "fileName": "objects/AccountTeamMember.object",
      "fullName": "AccountTeamMember",
      "id": "",
      "lastModifiedById": "0052w000007mbAqAAI",
      "lastModifiedByName": "Dhruv Chowdary",
      "lastModifiedDate": "1970-01-01T00:00:00.000Z",
      "namespacePrefix": "",
      "type": "CustomObject"
    },
    {
      "createdById": "0052w000007mbAqAAI",
      "createdByName": "Dhruv Chowdary",
      "createdDate": "1970-01-01T00:00:00.000Z",
      "fileName": "objects/Site.object",
      "fullName": "Site",
      "id": "",
      "lastModifiedById": "0052w000007mbAqAAI",
      "lastModifiedByName": "Dhruv Chowdary",
      "lastModifiedDate": "1970-01-01T00:00:00.000Z",
      "namespacePrefix": "",
      "type": "CustomObject"
    },
    {
      "createdById": "0052w000007mbAqAAI",
      "createdByName": "Dhruv Chowdary",
      "createdDate": "2020-12-03T16:06:52.000Z",
      "fileName": "objects/smagicinteract__Conversation_Assignment__mdt.object",
      "fullName": "smagicinteract__Conversation_Assignment__mdt",
      "id": "01I1s0000001BJyEAM",
      "lastModifiedById": "0052w000007mbAqAAI",
      "lastModifiedByName": "Dhruv Chowdary",
      "lastModifiedDate": "2020-12-03T16:06:52.000Z",
      "manageableState": "installed",
      "namespacePrefix": "smagicinteract",
      "type": "CustomObject"
    },
    {
      "createdById": "0052w000007mbAqAAI",
      "createdByName": "Dhruv Chowdary",
      "createdDate": "2020-12-03T16:07:00.000Z",
      "fileName": "objects/smagicinteract__Outbound_Configuration__mdt.object",
      "fullName": "smagicinteract__Outbound_Configuration__mdt",
      "id": "01I1s0000001BKgEAM",
      "lastModifiedById": "0052w000007mbAqAAI",
      "lastModifiedByName": "Dhruv Chowdary",
      "lastModifiedDate": "2020-12-03T16:07:00.000Z",
      "manageableState": "installed",
      "namespacePrefix": "smagicinteract",
      "type": "CustomObject"
    },
    {
      "createdById": "0052w000007mbAqAAI",
      "createdByName": "Dhruv Chowdary",
      "createdDate": "2020-12-03T16:06:53.000Z",
      "fileName": "objects/smagicinteract__Conversation__c.object",
      "fullName": "smagicinteract__Conversation__c",
      "id": "01I1s0000001BK5EAM",
      "lastModifiedById": "0052w000007mbAqAAI",
      "lastModifiedByName": "Dhruv Chowdary",
      "lastModifiedDate": "2020-12-03T16:12:11.000Z",
      "manageableState": "installed",
      "namespacePrefix": "smagicinteract",
      "type": "CustomObject"
    },
    {
      "createdById": "0052w000007mbAqAAI",
      "createdByName": "Dhruv Chowdary",
      "createdDate": "1970-01-01T00:00:00.000Z",
      "fileName": "objects/WorkThanks.object",
      "fullName": "WorkThanks",
      "id": "",
      "lastModifiedById": "0052w000007mbAqAAI",
      "lastModifiedByName": "Dhruv Chowdary",
      "lastModifiedDate": "1970-01-01T00:00:00.000Z",
      "namespacePrefix": "",
      "type": "CustomObject"
    },
    {
      "createdById": "0052w000007mbAqAAI",
      "createdByName": "Dhruv Chowdary",
      "createdDate": "1970-01-01T00:00:00.000Z",
      "fileName": "objects/ForecastingTypeToCategory.object",
      "fullName": "ForecastingTypeToCategory",
      "id": "",
      "lastModifiedById": "0052w000007mbAqAAI",
      "lastModifiedByName": "Dhruv Chowdary",
      "lastModifiedDate": "1970-01-01T00:00:00.000Z",
      "namespacePrefix": "",
      "type": "CustomObject"
    },
    {
      "createdById": "0051s000001FMIzAAO",
      "createdByName": "Prasan",
      "createdDate": "2021-03-22T03:03:06.000Z",
      "fileName": "objects/Favorite__c.object",
      "fullName": "Favorite__c",
      "id": "01I1s0000001MFpEAM",
      "lastModifiedById": "0051s000001FMIzAAO",
      "lastModifiedByName": "Prasan",
      "lastModifiedDate": "2021-03-22T03:03:06.000Z",
      "manageableState": "unmanaged",
      "type": "CustomObject"
    },
    {
      "createdById": "0052w000007mbAqAAI",
      "createdByName": "Dhruv Chowdary",
      "createdDate": "2020-12-03T16:06:54.000Z",
      "fileName": "objects/smagicinteract__Converse_Desk_Recently_Used_Filters__c.object",
      "fullName": "smagicinteract__Converse_Desk_Recently_Used_Filters__c",
      "id": "01I1s0000001BKCEA2",
      "lastModifiedById": "0052w000007mbAqAAI",
      "lastModifiedByName": "Dhruv Chowdary",
      "lastModifiedDate": "2020-12-03T16:12:13.000Z",
      "manageableState": "installed",
      "namespacePrefix": "smagicinteract",
      "type": "CustomObject"
    },
    {
      "createdById": "0052w0000076UZhAAM",
      "createdByName": "Anand Gupta",
      "createdDate": "2020-10-07T06:57:19.000Z",
      "fileName": "objects/In_App_Checklist_Settings__c.object",
      "fullName": "In_App_Checklist_Settings__c",
      "id": "01I2w000002CXJ2EAO",
      "lastModifiedById": "0052w0000076UZhAAM",
      "lastModifiedByName": "Anand Gupta",
      "lastModifiedDate": "2020-10-07T06:57:19.000Z",
      "manageableState": "unmanaged",
      "type": "CustomObject"
    },
    {
      "createdById": "0052w000007mbAqAAI",
      "createdByName": "Dhruv Chowdary",
      "createdDate": "1970-01-01T00:00:00.000Z",
      "fileName": "objects/ExternalEventMapping.object",
      "fullName": "ExternalEventMapping",
      "id": "",
      "lastModifiedById": "0052w000007mbAqAAI",
      "lastModifiedByName": "Dhruv Chowdary",
      "lastModifiedDate": "1970-01-01T00:00:00.000Z",
      "namespacePrefix": "",
      "type": "CustomObject"
    },
    {
      "createdById": "0052w000007mbAqAAI",
      "createdByName": "Dhruv Chowdary",
      "createdDate": "2020-12-03T16:06:55.000Z",
      "fileName": "objects/smagicinteract__Interface_Details__mdt.object",
      "fullName": "smagicinteract__Interface_Details__mdt",
      "id": "01I1s0000001BKNEA2",
      "lastModifiedById": "0052w000007mbAqAAI",
      "lastModifiedByName": "Dhruv Chowdary",
      "lastModifiedDate": "2020-12-03T16:06:55.000Z",
      "manageableState": "installed",
      "namespacePrefix": "smagicinteract",
      "type": "CustomObject"
    },
    {
      "createdById": "0052w000007mbAqAAI",
      "createdByName": "Dhruv Chowdary",
      "createdDate": "1970-01-01T00:00:00.000Z",
      "fileName": "objects/OpportunityLineItem.object",
      "fullName": "OpportunityLineItem",
      "id": "",
      "lastModifiedById": "0052w000007mbAqAAI",
      "lastModifiedByName": "Dhruv Chowdary",
      "lastModifiedDate": "1970-01-01T00:00:00.000Z",
      "namespacePrefix": "",
      "type": "CustomObject"
    },
    {
      "createdById": "0052w000007mbAqAAI",
      "createdByName": "Dhruv Chowdary",
      "createdDate": "2020-12-03T16:06:59.000Z",
      "fileName": "objects/smagicinteract__Object_Field_Config__c.object",
      "fullName": "smagicinteract__Object_Field_Config__c",
      "id": "01I1s0000001BKdEAM",
      "lastModifiedById": "0052w000007mbAqAAI",
      "lastModifiedByName": "Dhruv Chowdary",
      "lastModifiedDate": "2020-12-03T16:12:19.000Z",
      "manageableState": "installed",
      "namespacePrefix": "smagicinteract",
      "type": "CustomObject"
    },
    {
      "createdById": "0052w000007mbAqAAI",
      "createdByName": "Dhruv Chowdary",
      "createdDate": "1970-01-01T00:00:00.000Z",
      "fileName": "objects/PromptError.object",
      "fullName": "PromptError",
      "id": "",
      "lastModifiedById": "0052w000007mbAqAAI",
      "lastModifiedByName": "Dhruv Chowdary",
      "lastModifiedDate": "1970-01-01T00:00:00.000Z",
      "namespacePrefix": "",
      "type": "CustomObject"
    },
    {
      "createdById": "0052w000007mbAqAAI",
      "createdByName": "Dhruv Chowdary",
      "createdDate": "2020-12-03T16:06:58.000Z",
      "fileName": "objects/smagicinteract__List_View_Execution__c.object",
      "fullName": "smagicinteract__List_View_Execution__c",
      "id": "01I1s0000001BKXEA2",
      "lastModifiedById": "0052w000007mbAqAAI",
      "lastModifiedByName": "Dhruv Chowdary",
      "lastModifiedDate": "2020-12-03T16:12:18.000Z",
      "manageableState": "installed",
      "namespacePrefix": "smagicinteract",
      "type": "CustomObject"
    },
    {
      "createdById": "0052w000007mbAqAAI",
      "createdByName": "Dhruv Chowdary",
      "createdDate": "2020-12-03T16:06:59.000Z",
      "fileName": "objects/smagicinteract__Message_Bubble_Setting__c.object",
      "fullName": "smagicinteract__Message_Bubble_Setting__c",
      "id": "01I1s0000001BKaEAM",
      "lastModifiedById": "0052w000007mbAqAAI",
      "lastModifiedByName": "Dhruv Chowdary",
      "lastModifiedDate": "2020-12-03T16:06:59.000Z",
      "manageableState": "installed",
      "namespacePrefix": "smagicinteract",
      "type": "CustomObject"
    },
    {
      "createdById": "0052w000007mbAqAAI",
      "createdByName": "Dhruv Chowdary",
      "createdDate": "1970-01-01T00:00:00.000Z",
      "fileName": "objects/User.object",
      "fullName": "User",
      "id": "",
      "lastModifiedById": "0052w000007mbAqAAI",
      "lastModifiedByName": "Dhruv Chowdary",
      "lastModifiedDate": "1970-01-01T00:00:00.000Z",
      "namespacePrefix": "",
      "type": "CustomObject"
    },
    {
      "createdById": "0052w000007mbAqAAI",
      "createdByName": "Dhruv Chowdary",
      "createdDate": "1970-01-01T00:00:00.000Z",
      "fileName": "objects/OrgMetricScanSummary.object",
      "fullName": "OrgMetricScanSummary",
      "id": "",
      "lastModifiedById": "0052w000007mbAqAAI",
      "lastModifiedByName": "Dhruv Chowdary",
      "lastModifiedDate": "1970-01-01T00:00:00.000Z",
      "namespacePrefix": "",
      "type": "CustomObject"
    },
    {
      "createdById": "0052w000007mbAqAAI",
      "createdByName": "Dhruv Chowdary",
      "createdDate": "1970-01-01T00:00:00.000Z",
      "fileName": "objects/ForecastingQuota.object",
      "fullName": "ForecastingQuota",
      "id": "",
      "lastModifiedById": "0052w000007mbAqAAI",
      "lastModifiedByName": "Dhruv Chowdary",
      "lastModifiedDate": "1970-01-01T00:00:00.000Z",
      "namespacePrefix": "",
      "type": "CustomObject"
    },
    {
      "createdById": "0052w000007mbAqAAI",
      "createdByName": "Dhruv Chowdary",
      "createdDate": "1970-01-01T00:00:00.000Z",
      "fileName": "objects/ExchangeUserMapping.object",
      "fullName": "ExchangeUserMapping",
      "id": "",
      "lastModifiedById": "0052w000007mbAqAAI",
      "lastModifiedByName": "Dhruv Chowdary",
      "lastModifiedDate": "1970-01-01T00:00:00.000Z",
      "namespacePrefix": "",
      "type": "CustomObject"
    },
    {
      "createdById": "0052w000007mbAqAAI",
      "createdByName": "Dhruv Chowdary",
      "createdDate": "2020-12-03T16:07:04.000Z",
      "fileName": "objects/smagicinteract__Update_Related_Lists__c.object",
      "fullName": "smagicinteract__Update_Related_Lists__c",
      "id": "01I1s0000001BKxEAM",
      "lastModifiedById": "0052w000007mbAqAAI",
      "lastModifiedByName": "Dhruv Chowdary",
      "lastModifiedDate": "2020-12-03T16:07:04.000Z",
      "manageableState": "installed",
      "namespacePrefix": "smagicinteract",
      "type": "CustomObject"
    },
    {
      "createdById": "0052w000007mbAqAAI",
      "createdByName": "Dhruv Chowdary",
      "createdDate": "1970-01-01T00:00:00.000Z",
      "fileName": "objects/ActivityRecurrence2Exception.object",
      "fullName": "ActivityRecurrence2Exception",
      "id": "",
      "lastModifiedById": "0052w000007mbAqAAI",
      "lastModifiedByName": "Dhruv Chowdary",
      "lastModifiedDate": "1970-01-01T00:00:00.000Z",
      "namespacePrefix": "",
      "type": "CustomObject"
    },
    {
      "createdById": "0052w000007mbAqAAI",
      "createdByName": "Dhruv Chowdary",
      "createdDate": "1970-01-01T00:00:00.000Z",
      "fileName": "objects/OpportunityTeamMember.object",
      "fullName": "OpportunityTeamMember",
      "id": "",
      "lastModifiedById": "0052w000007mbAqAAI",
      "lastModifiedByName": "Dhruv Chowdary",
      "lastModifiedDate": "1970-01-01T00:00:00.000Z",
      "namespacePrefix": "",
      "type": "CustomObject"
    },
    {
      "createdById": "0052w000007mbAqAAI",
      "createdByName": "Dhruv Chowdary",
      "createdDate": "2020-12-03T16:06:53.000Z",
      "fileName": "objects/smagicinteract__Converse_App_Template_Map__c.object",
      "fullName": "smagicinteract__Converse_App_Template_Map__c",
      "id": "01I1s0000001BK8EAM",
      "lastModifiedById": "0052w000007mbAqAAI",
      "lastModifiedByName": "Dhruv Chowdary",
      "lastModifiedDate": "2020-12-03T16:12:12.000Z",
      "manageableState": "installed",
      "namespacePrefix": "smagicinteract",
      "type": "CustomObject"
    },
    {
      "createdById": "0052w000007mbAqAAI",
      "createdByName": "Dhruv Chowdary",
      "createdDate": "1970-01-01T00:00:00.000Z",
      "fileName": "objects/ScorecardAssociation.object",
      "fullName": "ScorecardAssociation",
      "id": "",
      "lastModifiedById": "0052w000007mbAqAAI",
      "lastModifiedByName": "Dhruv Chowdary",
      "lastModifiedDate": "1970-01-01T00:00:00.000Z",
      "namespacePrefix": "",
      "type": "CustomObject"
    },
    {
      "createdById": "0052w000007mbAqAAI",
      "createdByName": "Dhruv Chowdary",
      "createdDate": "1970-01-01T00:00:00.000Z",
      "fileName": "objects/ManagedContentVersion.object",
      "fullName": "ManagedContentVersion",
      "id": "",
      "lastModifiedById": "0052w000007mbAqAAI",
      "lastModifiedByName": "Dhruv Chowdary",
      "lastModifiedDate": "1970-01-01T00:00:00.000Z",
      "namespacePrefix": "",
      "type": "CustomObject"
    },
    {
      "createdById": "0052w000007mbAqAAI",
      "createdByName": "Dhruv Chowdary",
      "createdDate": "1970-01-01T00:00:00.000Z",
      "fileName": "objects/Quote.object",
      "fullName": "Quote",
      "id": "",
      "lastModifiedById": "0052w000007mbAqAAI",
      "lastModifiedByName": "Dhruv Chowdary",
      "lastModifiedDate": "1970-01-01T00:00:00.000Z",
      "namespacePrefix": "",
      "type": "CustomObject"
    },
    {
      "createdById": "0052w000007mbAqAAI",
      "createdByName": "Dhruv Chowdary",
      "createdDate": "1970-01-01T00:00:00.000Z",
      "fileName": "objects/Macro.object",
      "fullName": "Macro",
      "id": "",
      "lastModifiedById": "0052w000007mbAqAAI",
      "lastModifiedByName": "Dhruv Chowdary",
      "lastModifiedDate": "1970-01-01T00:00:00.000Z",
      "namespacePrefix": "",
      "type": "CustomObject"
    },
    {
      "createdById": "0052w000007mbAqAAI",
      "createdByName": "Dhruv Chowdary",
      "createdDate": "2020-12-03T16:07:05.000Z",
      "fileName": "objects/smagicinteract__numberPlanList__mdt.object",
      "fullName": "smagicinteract__numberPlanList__mdt",
      "id": "01I1s0000001BL3EAM",
      "lastModifiedById": "0052w000007mbAqAAI",
      "lastModifiedByName": "Dhruv Chowdary",
      "lastModifiedDate": "2020-12-03T16:07:05.000Z",
      "manageableState": "installed",
      "namespacePrefix": "smagicinteract",
      "type": "CustomObject"
    },
    {
      "createdById": "0052w000007mbAqAAI",
      "createdByName": "Dhruv Chowdary",
      "createdDate": "1970-01-01T00:00:00.000Z",
      "fileName": "objects/OrgMetricScanResult.object",
      "fullName": "OrgMetricScanResult",
      "id": "",
      "lastModifiedById": "0052w000007mbAqAAI",
      "lastModifiedByName": "Dhruv Chowdary",
      "lastModifiedDate": "1970-01-01T00:00:00.000Z",
      "namespacePrefix": "",
      "type": "CustomObject"
    },
    {
      "createdById": "0052w000007mbAqAAI",
      "createdByName": "Dhruv Chowdary",
      "createdDate": "2020-12-03T16:06:54.000Z",
      "fileName": "objects/smagicinteract__Converse_Desk_Layout_Settings__mdt.object",
      "fullName": "smagicinteract__Converse_Desk_Layout_Settings__mdt",
      "id": "01I1s0000001BKBEA2",
      "lastModifiedById": "0052w000007mbAqAAI",
      "lastModifiedByName": "Dhruv Chowdary",
      "lastModifiedDate": "2020-12-03T16:06:54.000Z",
      "manageableState": "installed",
      "namespacePrefix": "smagicinteract",
      "type": "CustomObject"
    },
    {
      "createdById": "0052w000007mbAqAAI",
      "createdByName": "Dhruv Chowdary",
      "createdDate": "1970-01-01T00:00:00.000Z",
      "fileName": "objects/Asset.object",
      "fullName": "Asset",
      "id": "",
      "lastModifiedById": "0052w000007mbAqAAI",
      "lastModifiedByName": "Dhruv Chowdary",
      "lastModifiedDate": "1970-01-01T00:00:00.000Z",
      "namespacePrefix": "",
      "type": "CustomObject"
    },
    {
      "createdById": "0052w000007mbAqAAI",
      "createdByName": "Dhruv Chowdary",
      "createdDate": "1970-01-01T00:00:00.000Z",
      "fileName": "objects/AssistantProgress.object",
      "fullName": "AssistantProgress",
      "id": "",
      "lastModifiedById": "0052w000007mbAqAAI",
      "lastModifiedByName": "Dhruv Chowdary",
      "lastModifiedDate": "1970-01-01T00:00:00.000Z",
      "namespacePrefix": "",
      "type": "CustomObject"
    },
    {
      "createdById": "0052w000007mbAqAAI",
      "createdByName": "Dhruv Chowdary",
      "createdDate": "2020-12-03T16:06:57.000Z",
      "fileName": "objects/smagicinteract__LV_MMS_Detail__c.object",
      "fullName": "smagicinteract__LV_MMS_Detail__c",
      "id": "01I1s0000001BKTEA2",
      "lastModifiedById": "0052w000007mbAqAAI",
      "lastModifiedByName": "Dhruv Chowdary",
      "lastModifiedDate": "2020-12-03T16:12:16.000Z",
      "manageableState": "installed",
      "namespacePrefix": "smagicinteract",
      "type": "CustomObject"
    },
    {
      "createdById": "0052w000007mbAqAAI",
      "createdByName": "Dhruv Chowdary",
      "createdDate": "2020-12-03T16:06:50.000Z",
      "fileName": "objects/smagicinteract__Action_Object__c.object",
      "fullName": "smagicinteract__Action_Object__c",
      "id": "01I1s0000001BJjEAM",
      "lastModifiedById": "0052w000007mbAqAAI",
      "lastModifiedByName": "Dhruv Chowdary",
      "lastModifiedDate": "2020-12-03T16:12:07.000Z",
      "manageableState": "installed",
      "namespacePrefix": "smagicinteract",
      "type": "CustomObject"
    },
    {
      "createdById": "0052w000007mbAqAAI",
      "createdByName": "Dhruv Chowdary",
      "createdDate": "1970-01-01T00:00:00.000Z",
      "fileName": "objects/ScorecardMetric.object",
      "fullName": "ScorecardMetric",
      "id": "",
      "lastModifiedById": "0052w000007mbAqAAI",
      "lastModifiedByName": "Dhruv Chowdary",
      "lastModifiedDate": "1970-01-01T00:00:00.000Z",
      "namespacePrefix": "",
      "type": "CustomObject"
    },
    {
      "createdById": "0052w000007mbAqAAI",
      "createdByName": "Dhruv Chowdary",
      "createdDate": "1970-01-01T00:00:00.000Z",
      "fileName": "objects/OpportunityContactRole.object",
      "fullName": "OpportunityContactRole",
      "id": "",
      "lastModifiedById": "0052w000007mbAqAAI",
      "lastModifiedByName": "Dhruv Chowdary",
      "lastModifiedDate": "1970-01-01T00:00:00.000Z",
      "namespacePrefix": "",
      "type": "CustomObject"
    },
    {
      "createdById": "0052w000007mbAqAAI",
      "createdByName": "Dhruv Chowdary",
      "createdDate": "2020-12-03T16:06:58.000Z",
      "fileName": "objects/smagicinteract__Message_Action__c.object",
      "fullName": "smagicinteract__Message_Action__c",
      "id": "01I1s0000001BKZEA2",
      "lastModifiedById": "0052w000007mbAqAAI",
      "lastModifiedByName": "Dhruv Chowdary",
      "lastModifiedDate": "2020-12-03T16:12:18.000Z",
      "manageableState": "installed",
      "namespacePrefix": "smagicinteract",
      "type": "CustomObject"
    },
    {
      "createdById": "0052w000007mbAqAAI",
      "createdByName": "Dhruv Chowdary",
      "createdDate": "1970-01-01T00:00:00.000Z",
      "fileName": "objects/ServiceResourceSkill.object",
      "fullName": "ServiceResourceSkill",
      "id": "",
      "lastModifiedById": "0052w000007mbAqAAI",
      "lastModifiedByName": "Dhruv Chowdary",
      "lastModifiedDate": "1970-01-01T00:00:00.000Z",
      "namespacePrefix": "",
      "type": "CustomObject"
    },
    {
      "createdById": "0052w000007mbAqAAI",
      "createdByName": "Dhruv Chowdary",
      "createdDate": "2020-12-03T16:06:53.000Z",
      "fileName": "objects/smagicinteract__Converse_App_Task__c.object",
      "fullName": "smagicinteract__Converse_App_Task__c",
      "id": "01I1s0000001BK7EAM",
      "lastModifiedById": "0052w000007mbAqAAI",
      "lastModifiedByName": "Dhruv Chowdary",
      "lastModifiedDate": "2020-12-03T16:12:12.000Z",
      "manageableState": "installed",
      "namespacePrefix": "smagicinteract",
      "type": "CustomObject"
    },
    {
      "createdById": "0052w000007mbAqAAI",
      "createdByName": "Dhruv Chowdary",
      "createdDate": "2020-10-23T10:43:06.000Z",
      "fileName": "objects/Feedback__c.object",
      "fullName": "Feedback__c",
      "id": "01I1s000000157fEAA",
      "lastModifiedById": "0052w000007mbAqAAI",
      "lastModifiedByName": "Dhruv Chowdary",
      "lastModifiedDate": "2020-10-23T11:22:39.000Z",
      "manageableState": "unmanaged",
      "type": "CustomObject"
    },
    {
      "createdById": "0052w000007mbAqAAI",
      "createdByName": "Dhruv Chowdary",
      "createdDate": "1970-01-01T00:00:00.000Z",
      "fileName": "objects/Pricebook2.object",
      "fullName": "Pricebook2",
      "id": "",
      "lastModifiedById": "0052w000007mbAqAAI",
      "lastModifiedByName": "Dhruv Chowdary",
      "lastModifiedDate": "1970-01-01T00:00:00.000Z",
      "namespacePrefix": "",
      "type": "CustomObject"
    },
    {
      "createdById": "0052w000007mbAqAAI",
      "createdByName": "Dhruv Chowdary",
      "createdDate": "1970-01-01T00:00:00.000Z",
      "fileName": "objects/ExpressionFilterCriteria.object",
      "fullName": "ExpressionFilterCriteria",
      "id": "",
      "lastModifiedById": "0052w000007mbAqAAI",
      "lastModifiedByName": "Dhruv Chowdary",
      "lastModifiedDate": "1970-01-01T00:00:00.000Z",
      "namespacePrefix": "",
      "type": "CustomObject"
    },
    {
      "createdById": "0052w000007mbAqAAI",
      "createdByName": "Dhruv Chowdary",
      "createdDate": "2020-12-03T16:07:01.000Z",
      "fileName": "objects/smagicinteract__Rule_Interface_Category_Map__mdt.object",
      "fullName": "smagicinteract__Rule_Interface_Category_Map__mdt",
      "id": "01I1s0000001BKkEAM",
      "lastModifiedById": "0052w000007mbAqAAI",
      "lastModifiedByName": "Dhruv Chowdary",
      "lastModifiedDate": "2020-12-03T16:07:01.000Z",
      "manageableState": "installed",
      "namespacePrefix": "smagicinteract",
      "type": "CustomObject"
    }
  ]
}
