{
  "status": 0,
  "result": [
    {
      "createdById": "0052w0000076UZhAAM",
      "createdByName": "Anand Gupta",
      "createdDate": "2020-10-07T06:57:19.000Z",
      "fileName": "applications/lightningbuddy__Lightning_Buddy.app",
      "fullName": "lightningbuddy__Lightning_Buddy",
      "id": "02u2w000002FJp6AAG",
      "lastModifiedById": "0052w0000076UZhAAM",
      "lastModifiedByName": "Anand Gupta",
      "lastModifiedDate": "2020-10-07T06:57:19.000Z",
      "manageableState": "installed",
      "namespacePrefix": "lightningbuddy",
      "type": "CustomApplication"
    },
    {
      "createdById": "0052w0000076UZhAAM",
      "createdByName": "Anand Gupta",
      "createdDate": "2020-10-07T06:57:19.000Z",
      "fileName": "applications/Sales_Leadership.app",
      "fullName": "Sales_Leadership",
      "id": "02u2w000002FJp3AAG",
      "lastModifiedById": "0052w0000076UZhAAM",
      "lastModifiedByName": "Anand Gupta",
      "lastModifiedDate": "2020-10-07T06:57:19.000Z",
      "manageableState": "unmanaged",
      "type": "CustomApplication"
    },
    {
      "createdById": "0052w0000076UZhAAM",
      "createdByName": "Anand Gupta",
      "createdDate": "2020-10-07T06:58:15.000Z",
      "fileName": "applications/standard__AppLauncher.app",
      "fullName": "standard__AppLauncher",
      "id": "02u2w000000XCTQAA4",
      "lastModifiedById": "0052w0000076UZhAAM",
      "lastModifiedByName": "Anand Gupta",
      "lastModifiedDate": "2020-10-07T06:58:15.000Z",
      "manageableState": "unmanaged",
      "namespacePrefix": "standard",
      "type": "CustomApplication"
    },
    {
      "createdById": "0052w0000076UZhAAM",
      "createdByName": "Anand Gupta",
      "createdDate": "2020-10-07T06:57:19.000Z",
      "fileName": "applications/Relationship_Management.app",
      "fullName": "Relationship_Management",
      "id": "02u2w000002FJp0AAG",
      "lastModifiedById": "0052w0000076UZhAAM",
      "lastModifiedByName": "Anand Gupta",
      "lastModifiedDate": "2020-10-07T06:57:19.000Z",
      "manageableState": "unmanaged",
      "type": "CustomApplication"
    },
    {
      "createdById": "0052w0000076UZhAAM",
      "createdByName": "Anand Gupta",
      "createdDate": "2020-10-07T06:57:19.000Z",
      "fileName": "applications/standard__Community.app",
      "fullName": "standard__Community",
      "id": "02u2w000002FJouAAG",
      "lastModifiedById": "0052w0000076UZhAAM",
      "lastModifiedByName": "Anand Gupta",
      "lastModifiedDate": "2020-10-07T06:57:19.000Z",
      "manageableState": "unmanaged",
      "namespacePrefix": "standard",
      "type": "CustomApplication"
    },
    {
      "createdById": "0052w0000076UZhAAM",
      "createdByName": "Anand Gupta",
      "createdDate": "2020-10-07T06:57:19.000Z",
      "fileName": "applications/standard__LightningSalesConsole.app",
      "fullName": "standard__LightningSalesConsole",
      "id": "02u2w000002FJozAAG",
      "lastModifiedById": "0052w000007mbAqAAI",
      "lastModifiedByName": "Dhruv Chowdary",
      "lastModifiedDate": "2020-12-13T13:52:33.000Z",
      "manageableState": "unmanaged",
      "namespacePrefix": "standard",
      "type": "CustomApplication"
    },
    {
      "createdById": "0052w0000076UZhAAM",
      "createdByName": "Anand Gupta",
      "createdDate": "2020-10-07T06:57:19.000Z",
      "fileName": "applications/standard__Chatter.app",
      "fullName": "standard__Chatter",
      "id": "02u2w000002FJosAAG",
      "lastModifiedById": "0052w0000076UZhAAM",
      "lastModifiedByName": "Anand Gupta",
      "lastModifiedDate": "2020-10-07T06:57:19.000Z",
      "manageableState": "unmanaged",
      "namespacePrefix": "standard",
      "type": "CustomApplication"
    },
    {
      "createdById": "0052w0000076UZhAAM",
      "createdByName": "Anand Gupta",
      "createdDate": "2020-10-07T06:57:19.000Z",
      "fileName": "applications/Lead_Generation.app",
      "fullName": "Lead_Generation",
      "id": "02u2w000002FJp1AAG",
      "lastModifiedById": "0052w0000076UZhAAM",
      "lastModifiedByName": "Anand Gupta",
      "lastModifiedDate": "2020-10-07T06:57:19.000Z",
      "manageableState": "unmanaged",
      "type": "CustomApplication"
    },
    {
      "createdById": "0052w0000076UZhAAM",
      "createdByName": "Anand Gupta",
      "createdDate": "2020-10-07T06:57:19.000Z",
      "fileName": "applications/standard__Platform.app",
      "fullName": "standard__Platform",
      "id": "02u2w000002FJoqAAG",
      "lastModifiedById": "0052w0000076UZhAAM",
      "lastModifiedByName": "Anand Gupta",
      "lastModifiedDate": "2020-10-07T06:57:19.000Z",
      "manageableState": "unmanaged",
      "namespacePrefix": "standard",
      "type": "CustomApplication"
    },
    {
      "createdById": "0052w0000076UZhAAM",
      "createdByName": "Anand Gupta",
      "createdDate": "2020-10-07T06:57:19.000Z",
      "fileName": "applications/standard__Marketing.app",
      "fullName": "standard__Marketing",
      "id": "02u2w000002FJopAAG",
      "lastModifiedById": "0052w0000076UZhAAM",
      "lastModifiedByName": "Anand Gupta",
      "lastModifiedDate": "2020-10-07T06:57:19.000Z",
      "manageableState": "unmanaged",
      "namespacePrefix": "standard",
      "type": "CustomApplication"
    },
    {
      "createdById": "0052w0000076UZhAAM",
      "createdByName": "Anand Gupta",
      "createdDate": "2020-10-07T06:57:19.000Z",
      "fileName": "applications/standard__ServiceConsole.app",
      "fullName": "standard__ServiceConsole",
      "id": "02u2w000002FJovAAG",
      "lastModifiedById": "0052w0000076UZhAAM",
      "lastModifiedByName": "Anand Gupta",
      "lastModifiedDate": "2020-10-07T06:57:19.000Z",
      "manageableState": "unmanaged",
      "namespacePrefix": "standard",
      "type": "CustomApplication"
    },
    {
      "createdById": "0052w0000076UZhAAM",
      "createdByName": "Anand Gupta",
      "createdDate": "2020-10-07T06:58:35.000Z",
      "fileName": "applications/standard__AllTabSet.app",
      "fullName": "standard__AllTabSet",
      "id": "02u2w000000XCTRAA4",
      "lastModifiedById": "0052w0000076UZhAAM",
      "lastModifiedByName": "Anand Gupta",
      "lastModifiedDate": "2020-10-07T06:58:35.000Z",
      "manageableState": "unmanaged",
      "namespacePrefix": "standard",
      "type": "CustomApplication"
    },
    {
      "createdById": "0052w0000076UZhAAM",
      "createdByName": "Anand Gupta",
      "createdDate": "2020-10-07T06:57:19.000Z",
      "fileName": "applications/standard__Sales.app",
      "fullName": "standard__Sales",
      "id": "02u2w000002FJokAAG",
      "lastModifiedById": "0052w0000076UZhAAM",
      "lastModifiedByName": "Anand Gupta",
      "lastModifiedDate": "2020-10-07T06:57:19.000Z",
      "manageableState": "unmanaged",
      "namespacePrefix": "standard",
      "type": "CustomApplication"
    },
    {
      "createdById": "0052w0000076UZhAAM",
      "createdByName": "Anand Gupta",
      "createdDate": "2020-10-07T06:57:19.000Z",
      "fileName": "applications/standard__SalesforceCMS.app",
      "fullName": "standard__SalesforceCMS",
      "id": "02u2w000002FJp5AAG",
      "lastModifiedById": "0052w0000076UZhAAM",
      "lastModifiedByName": "Anand Gupta",
      "lastModifiedDate": "2020-10-07T06:57:19.000Z",
      "manageableState": "unmanaged",
      "namespacePrefix": "standard",
      "type": "CustomApplication"
    },
    {
      "createdById": "0052w000007mbAqAAI",
      "createdByName": "Dhruv Chowdary",
      "createdDate": "2020-12-03T16:08:13.000Z",
      "fileName": "applications/smagicinteract__SMSMagicInteract.app",
      "fullName": "smagicinteract__SMSMagicInteract",
      "id": "02u1s0000000N8HAAU",
      "lastModifiedById": "0052w000007mbAqAAI",
      "lastModifiedByName": "Dhruv Chowdary",
      "lastModifiedDate": "2020-12-03T16:08:13.000Z",
      "manageableState": "installed",
      "namespacePrefix": "smagicinteract",
      "type": "CustomApplication"
    },
    {
      "createdById": "0052w0000076UZhAAM",
      "createdByName": "Anand Gupta",
      "createdDate": "2020-10-14T22:02:04.000Z",
      "fileName": "applications/standard__LightningService.app",
      "fullName": "standard__LightningService",
      "id": "02u2w000000XMWpAAO",
      "lastModifiedById": "0052w0000076UZhAAM",
      "lastModifiedByName": "Anand Gupta",
      "lastModifiedDate": "2020-10-14T22:02:04.000Z",
      "manageableState": "unmanaged",
      "namespacePrefix": "standard",
      "type": "CustomApplication"
    },
    {
      "createdById": "0052w0000076UZhAAM",
      "createdByName": "Anand Gupta",
      "createdDate": "2020-10-07T06:57:19.000Z",
      "fileName": "applications/standard__LightningSales.app",
      "fullName": "standard__LightningSales",
      "id": "02u2w000002FJoyAAG",
      "lastModifiedById": "0052w000007mbAqAAI",
      "lastModifiedByName": "Dhruv Chowdary",
      "lastModifiedDate": "2020-12-13T13:55:40.000Z",
      "manageableState": "unmanaged",
      "namespacePrefix": "standard",
      "type": "CustomApplication"
    },
    {
      "createdById": "0052w0000076UZhAAM",
      "createdByName": "Anand Gupta",
      "createdDate": "2020-10-07T06:57:19.000Z",
      "fileName": "applications/standard__Service.app",
      "fullName": "standard__Service",
      "id": "02u2w000002FJorAAG",
      "lastModifiedById": "0052w0000076UZhAAM",
      "lastModifiedByName": "Anand Gupta",
      "lastModifiedDate": "2020-10-07T06:57:19.000Z",
      "manageableState": "unmanaged",
      "namespacePrefix": "standard",
      "type": "CustomApplication"
    },
    {
      "createdById": "0052w0000076UZhAAM",
      "createdByName": "Anand Gupta",
      "createdDate": "2020-10-07T06:57:19.000Z",
      "fileName": "applications/standard__LightningBolt.app",
      "fullName": "standard__LightningBolt",
      "id": "02u2w000002FJp4AAG",
      "lastModifiedById": "0052w0000076UZhAAM",
      "lastModifiedByName": "Anand Gupta",
      "lastModifiedDate": "2020-10-07T06:57:19.000Z",
      "manageableState": "unmanaged",
      "namespacePrefix": "standard",
      "type": "CustomApplication"
    },
    {
      "createdById": "0052w0000076UZhAAM",
      "createdByName": "Anand Gupta",
      "createdDate": "2020-10-07T06:57:19.000Z",
      "fileName": "applications/Sales_Operations.app",
      "fullName": "Sales_Operations",
      "id": "02u2w000002FJp2AAG",
      "lastModifiedById": "0052w0000076UZhAAM",
      "lastModifiedByName": "Anand Gupta",
      "lastModifiedDate": "2020-10-07T06:57:19.000Z",
      "manageableState": "unmanaged",
      "type": "CustomApplication"
    },
    {
      "createdById": "0052w0000076UZhAAM",
      "createdByName": "Anand Gupta",
      "createdDate": "2020-10-19T18:49:28.000Z",
      "fileName": "applications/standard__OnlineSales.app",
      "fullName": "standard__OnlineSales",
      "id": "02u2w000000XVjSAAW",
      "lastModifiedById": "0052w0000076UZhAAM",
      "lastModifiedByName": "Anand Gupta",
      "lastModifiedDate": "2020-10-19T18:49:28.000Z",
      "manageableState": "unmanaged",
      "namespacePrefix": "standard",
      "type": "CustomApplication"
    }
  ]
}
