{
  "status": 0,
  "result": [
    {
      "createdById": "0052w000007mbAqAAI",
      "createdByName": "Dhruv Chowdary",
      "createdDate": "2020-12-03T16:09:31.000Z",
      "fileName": "remoteSiteSettings/smagicinteract__apismsmagic.remoteSite",
      "fullName": "smagicinteract__apismsmagic",
      "id": "0rp1s0000000HBqAAM",
      "lastModifiedById": "0052w000007mbAqAAI",
      "lastModifiedByName": "Dhruv Chowdary",
      "lastModifiedDate": "2020-12-03T16:09:31.000Z",
      "manageableState": "installed",
      "namespacePrefix": "smagicinteract",
      "type": "RemoteSiteSetting"
    },
    {
      "createdById": "0052w000007mbAqAAI",
      "createdByName": "Dhruv Chowdary",
      "createdDate": "2020-12-03T16:09:31.000Z",
      "fileName": "remoteSiteSettings/smagicinteract__smsmagicServer1.remoteSite",
      "fullName": "smagicinteract__smsmagicServer1",
      "id": "0rp1s0000000HBuAAM",
      "lastModifiedById": "0052w000007mbAqAAI",
      "lastModifiedByName": "Dhruv Chowdary",
      "lastModifiedDate": "2020-12-03T16:09:31.000Z",
      "manageableState": "installed",
      "namespacePrefix": "smagicinteract",
      "type": "RemoteSiteSetting"
    },
    {
      "createdById": "0052w000007mbAqAAI",
      "createdByName": "Dhruv Chowdary",
      "createdDate": "2021-09-02T14:53:47.000Z",
      "fileName": "remoteSiteSettings/Box_Token.remoteSite",
      "fullName": "Box_Token",
      "id": "0rp1s0000000RGvAAM",
      "lastModifiedById": "0052w000007mbAqAAI",
      "lastModifiedByName": "Dhruv Chowdary",
      "lastModifiedDate": "2021-09-02T14:53:47.000Z",
      "manageableState": "unmanaged",
      "type": "RemoteSiteSetting"
    },
    {
      "createdById": "0052w000007mbAqAAI",
      "createdByName": "Dhruv Chowdary",
      "createdDate": "2021-09-03T18:32:28.000Z",
      "fileName": "remoteSiteSettings/Tarasri_App.remoteSite",
      "fullName": "Tarasri_App",
      "id": "0rp1s0000000RIXAA2",
      "lastModifiedById": "0052w000007mbAqAAI",
      "lastModifiedByName": "Dhruv Chowdary",
      "lastModifiedDate": "2021-09-03T18:32:28.000Z",
      "manageableState": "unmanaged",
      "type": "RemoteSiteSetting"
    },
    {
      "createdById": "0052w000007mbAqAAI",
      "createdByName": "Dhruv Chowdary",
      "createdDate": "2020-12-03T16:09:31.000Z",
      "fileName": "remoteSiteSettings/smagicinteract__smsmagicServer2.remoteSite",
      "fullName": "smagicinteract__smsmagicServer2",
      "id": "0rp1s0000000HBvAAM",
      "lastModifiedById": "0052w000007mbAqAAI",
      "lastModifiedByName": "Dhruv Chowdary",
      "lastModifiedDate": "2020-12-03T16:09:31.000Z",
      "manageableState": "installed",
      "namespacePrefix": "smagicinteract",
      "type": "RemoteSiteSetting"
    },
    {
      "createdById": "0052w000007mbAqAAI",
      "createdByName": "Dhruv Chowdary",
      "createdDate": "2020-12-03T16:09:31.000Z",
      "fileName": "remoteSiteSettings/smagicinteract__eusmsmagic.remoteSite",
      "fullName": "smagicinteract__eusmsmagic",
      "id": "0rp1s0000000HBsAAM",
      "lastModifiedById": "0052w000007mbAqAAI",
      "lastModifiedByName": "Dhruv Chowdary",
      "lastModifiedDate": "2020-12-03T16:09:31.000Z",
      "manageableState": "installed",
      "namespacePrefix": "smagicinteract",
      "type": "RemoteSiteSetting"
    },
    {
      "createdById": "0052w000007mbAqAAI",
      "createdByName": "Dhruv Chowdary",
      "createdDate": "2020-12-03T16:09:31.000Z",
      "fileName": "remoteSiteSettings/smagicinteract__euapismsmagic.remoteSite",
      "fullName": "smagicinteract__euapismsmagic",
      "id": "0rp1s0000000HBrAAM",
      "lastModifiedById": "0052w000007mbAqAAI",
      "lastModifiedByName": "Dhruv Chowdary",
      "lastModifiedDate": "2020-12-03T16:09:31.000Z",
      "manageableState": "installed",
      "namespacePrefix": "smagicinteract",
      "type": "RemoteSiteSetting"
    },
    {
      "createdById": "0052w000007mbAqAAI",
      "createdByName": "Dhruv Chowdary",
      "createdDate": "2021-09-02T14:53:08.000Z",
      "fileName": "remoteSiteSettings/BoxAuth.remoteSite",
      "fullName": "BoxAuth",
      "id": "0rp1s0000000RGqAAM",
      "lastModifiedById": "0052w000007mbAqAAI",
      "lastModifiedByName": "Dhruv Chowdary",
      "lastModifiedDate": "2021-09-02T14:53:08.000Z",
      "manageableState": "unmanaged",
      "type": "RemoteSiteSetting"
    },
    {
      "createdById": "0052w000007mbAqAAI",
      "createdByName": "Dhruv Chowdary",
      "createdDate": "2020-12-03T16:21:20.000Z",
      "fileName": "remoteSiteSettings/SMSMagicConfigurationRemoteURL.remoteSite",
      "fullName": "SMSMagicConfigurationRemoteURL",
      "id": "0rp1s0000000HC0AAM",
      "lastModifiedById": "0052w000007mbAqAAI",
      "lastModifiedByName": "Dhruv Chowdary",
      "lastModifiedDate": "2020-12-03T16:21:20.000Z",
      "manageableState": "unmanaged",
      "type": "RemoteSiteSetting"
    },
    {
      "createdById": "0052w000007mbAqAAI",
      "createdByName": "Dhruv Chowdary",
      "createdDate": "2020-12-03T16:09:31.000Z",
      "fileName": "remoteSiteSettings/smagicinteract__smsmagic.remoteSite",
      "fullName": "smagicinteract__smsmagic",
      "id": "0rp1s0000000HBtAAM",
      "lastModifiedById": "0052w000007mbAqAAI",
      "lastModifiedByName": "Dhruv Chowdary",
      "lastModifiedDate": "2020-12-03T16:09:31.000Z",
      "manageableState": "installed",
      "namespacePrefix": "smagicinteract",
      "type": "RemoteSiteSetting"
    },
    {
      "createdById": "0052w000007mbAqAAI",
      "createdByName": "Dhruv Chowdary",
      "createdDate": "2021-09-03T18:26:02.000Z",
      "fileName": "remoteSiteSettings/Salesforce.remoteSite",
      "fullName": "Salesforce",
      "id": "0rp1s0000000RISAA2",
      "lastModifiedById": "0052w000007mbAqAAI",
      "lastModifiedByName": "Dhruv Chowdary",
      "lastModifiedDate": "2021-09-03T18:26:02.000Z",
      "manageableState": "unmanaged",
      "type": "RemoteSiteSetting"
    }
  ]
}
