{
  "status": 0,
  "result": [
    {
      "createdById": "0052w000007mbAqAAI",
      "createdByName": "Dhruv Chowdary",
      "createdDate": "2020-12-03T16:05:49.000Z",
      "fileName": "staticresources/smagicinteract__routingAssets.resource",
      "fullName": "smagicinteract__routingAssets",
      "id": "0811s0000000QRUAA2",
      "lastModifiedById": "0052w000007mbAqAAI",
      "lastModifiedByName": "Dhruv Chowdary",
      "lastModifiedDate": "2020-12-03T16:05:49.000Z",
      "manageableState": "installed",
      "namespacePrefix": "smagicinteract",
      "type": "StaticResource"
    },
    {
      "createdById": "0052w000007mbAqAAI",
      "createdByName": "Dhruv Chowdary",
      "createdDate": "2020-12-03T16:05:49.000Z",
      "fileName": "staticresources/smagicinteract__jqueryuicss.resource",
      "fullName": "smagicinteract__jqueryuicss",
      "id": "0811s0000000QRNAA2",
      "lastModifiedById": "0052w000007mbAqAAI",
      "lastModifiedByName": "Dhruv Chowdary",
      "lastModifiedDate": "2020-12-03T16:05:49.000Z",
      "manageableState": "installed",
      "namespacePrefix": "smagicinteract",
      "type": "StaticResource"
    },
    {
      "createdById": "0052w000007mbAqAAI",
      "createdByName": "Dhruv Chowdary",
      "createdDate": "2020-12-03T16:05:49.000Z",
      "fileName": "staticresources/smagicinteract__go_converse_icon.resource",
      "fullName": "smagicinteract__go_converse_icon",
      "id": "0811s0000000QRKAA2",
      "lastModifiedById": "0052w000007mbAqAAI",
      "lastModifiedByName": "Dhruv Chowdary",
      "lastModifiedDate": "2020-12-03T16:05:49.000Z",
      "manageableState": "installed",
      "namespacePrefix": "smagicinteract",
      "type": "StaticResource"
    },
    {
      "createdById": "0052w000007mbAqAAI",
      "createdByName": "Dhruv Chowdary",
      "createdDate": "2020-12-03T16:05:49.000Z",
      "fileName": "staticresources/smagicinteract__phone_gray.resource",
      "fullName": "smagicinteract__phone_gray",
      "id": "0811s0000000QRTAA2",
      "lastModifiedById": "0052w000007mbAqAAI",
      "lastModifiedByName": "Dhruv Chowdary",
      "lastModifiedDate": "2020-12-03T16:05:49.000Z",
      "manageableState": "installed",
      "namespacePrefix": "smagicinteract",
      "type": "StaticResource"
    },
    {
      "createdById": "0052w000007mbAqAAI",
      "createdByName": "Dhruv Chowdary",
      "createdDate": "2020-12-03T16:05:49.000Z",
      "fileName": "staticresources/smagicinteract__USERIMAGE.resource",
      "fullName": "smagicinteract__USERIMAGE",
      "id": "0811s0000000QRBAA2",
      "lastModifiedById": "0052w000007mbAqAAI",
      "lastModifiedByName": "Dhruv Chowdary",
      "lastModifiedDate": "2020-12-03T16:05:49.000Z",
      "manageableState": "installed",
      "namespacePrefix": "smagicinteract",
      "type": "StaticResource"
    },
    {
      "createdById": "0052w000007mbAqAAI",
      "createdByName": "Dhruv Chowdary",
      "createdDate": "2020-12-03T16:05:49.000Z",
      "fileName": "staticresources/smagicinteract__sanitizeJS.resource",
      "fullName": "smagicinteract__sanitizeJS",
      "id": "0811s0000000QRVAA2",
      "lastModifiedById": "0052w000007mbAqAAI",
      "lastModifiedByName": "Dhruv Chowdary",
      "lastModifiedDate": "2020-12-03T16:05:49.000Z",
      "manageableState": "installed",
      "namespacePrefix": "smagicinteract",
      "type": "StaticResource"
    },
    {
      "createdById": "0052w000007mbAqAAI",
      "createdByName": "Dhruv Chowdary",
      "createdDate": "2020-12-03T16:05:49.000Z",
      "fileName": "staticresources/smagicinteract__audit_db_image.resource",
      "fullName": "smagicinteract__audit_db_image",
      "id": "0811s0000000QRDAA2",
      "lastModifiedById": "0052w000007mbAqAAI",
      "lastModifiedByName": "Dhruv Chowdary",
      "lastModifiedDate": "2020-12-03T16:05:49.000Z",
      "manageableState": "installed",
      "namespacePrefix": "smagicinteract",
      "type": "StaticResource"
    },
    {
      "createdById": "0052w000007mbAqAAI",
      "createdByName": "Dhruv Chowdary",
      "createdDate": "2020-12-03T16:05:49.000Z",
      "fileName": "staticresources/smagicinteract__TEMPLATE.resource",
      "fullName": "smagicinteract__TEMPLATE",
      "id": "0811s0000000QRAAA2",
      "lastModifiedById": "0052w000007mbAqAAI",
      "lastModifiedByName": "Dhruv Chowdary",
      "lastModifiedDate": "2020-12-03T16:05:49.000Z",
      "manageableState": "installed",
      "namespacePrefix": "smagicinteract",
      "type": "StaticResource"
    },
    {
      "createdById": "0052w000007mbAqAAI",
      "createdByName": "Dhruv Chowdary",
      "createdDate": "2020-12-03T16:05:48.000Z",
      "fileName": "staticresources/smagicinteract__CREDITSIMAGE.resource",
      "fullName": "smagicinteract__CREDITSIMAGE",
      "id": "0811s0000000QQrAAM",
      "lastModifiedById": "0052w000007mbAqAAI",
      "lastModifiedByName": "Dhruv Chowdary",
      "lastModifiedDate": "2020-12-03T16:05:48.000Z",
      "manageableState": "installed",
      "namespacePrefix": "smagicinteract",
      "type": "StaticResource"
    },
    {
      "createdById": "0052w000007mbAqAAI",
      "createdByName": "Dhruv Chowdary",
      "createdDate": "2020-12-03T16:05:49.000Z",
      "fileName": "staticresources/smagicinteract__smJQuery.resource",
      "fullName": "smagicinteract__smJQuery",
      "id": "0811s0000000QRYAA2",
      "lastModifiedById": "0052w000007mbAqAAI",
      "lastModifiedByName": "Dhruv Chowdary",
      "lastModifiedDate": "2020-12-03T16:05:49.000Z",
      "manageableState": "installed",
      "namespacePrefix": "smagicinteract",
      "type": "StaticResource"
    },
    {
      "createdById": "0052w000007mbAqAAI",
      "createdByName": "Dhruv Chowdary",
      "createdDate": "2020-12-03T16:05:48.000Z",
      "fileName": "staticresources/smagicinteract__BULKIMAGE.resource",
      "fullName": "smagicinteract__BULKIMAGE",
      "id": "0811s0000000QQpAAM",
      "lastModifiedById": "0052w000007mbAqAAI",
      "lastModifiedByName": "Dhruv Chowdary",
      "lastModifiedDate": "2020-12-03T16:05:48.000Z",
      "manageableState": "installed",
      "namespacePrefix": "smagicinteract",
      "type": "StaticResource"
    },
    {
      "createdById": "0052w000007mbAqAAI",
      "createdByName": "Dhruv Chowdary",
      "createdDate": "2020-12-03T16:05:50.000Z",
      "fileName": "staticresources/smagicinteract__updated_picklist.resource",
      "fullName": "smagicinteract__updated_picklist",
      "id": "0811s0000000QRfAAM",
      "lastModifiedById": "0052w000007mbAqAAI",
      "lastModifiedByName": "Dhruv Chowdary",
      "lastModifiedDate": "2020-12-03T16:05:50.000Z",
      "manageableState": "installed",
      "namespacePrefix": "smagicinteract",
      "type": "StaticResource"
    },
    {
      "createdById": "0052w000007mbAqAAI",
      "createdByName": "Dhruv Chowdary",
      "createdDate": "2020-12-03T16:05:49.000Z",
      "fileName": "staticresources/smagicinteract__desksetting.resource",
      "fullName": "smagicinteract__desksetting",
      "id": "0811s0000000QRJAA2",
      "lastModifiedById": "0052w000007mbAqAAI",
      "lastModifiedByName": "Dhruv Chowdary",
      "lastModifiedDate": "2020-12-03T16:05:49.000Z",
      "manageableState": "installed",
      "namespacePrefix": "smagicinteract",
      "type": "StaticResource"
    },
    {
      "createdById": "0052w000007mbAqAAI",
      "createdByName": "Dhruv Chowdary",
      "createdDate": "2020-12-03T16:05:49.000Z",
      "fileName": "staticresources/smagicinteract__sweetalertJS.resource",
      "fullName": "smagicinteract__sweetalertJS",
      "id": "0811s0000000QRbAAM",
      "lastModifiedById": "0052w000007mbAqAAI",
      "lastModifiedByName": "Dhruv Chowdary",
      "lastModifiedDate": "2020-12-03T16:05:49.000Z",
      "manageableState": "installed",
      "namespacePrefix": "smagicinteract",
      "type": "StaticResource"
    },
    {
      "createdById": "0052w000007mbAqAAI",
      "createdByName": "Dhruv Chowdary",
      "createdDate": "2020-12-03T16:05:49.000Z",
      "fileName": "staticresources/smagicinteract__SMS_LOGO.resource",
      "fullName": "smagicinteract__SMS_LOGO",
      "id": "0811s0000000QR7AAM",
      "lastModifiedById": "0052w000007mbAqAAI",
      "lastModifiedByName": "Dhruv Chowdary",
      "lastModifiedDate": "2020-12-03T16:05:49.000Z",
      "manageableState": "installed",
      "namespacePrefix": "smagicinteract",
      "type": "StaticResource"
    },
    {
      "createdById": "0052w000007mbAqAAI",
      "createdByName": "Dhruv Chowdary",
      "createdDate": "2020-12-03T16:05:49.000Z",
      "fileName": "staticresources/smagicinteract__sweetalertCSS.resource",
      "fullName": "smagicinteract__sweetalertCSS",
      "id": "0811s0000000QRaAAM",
      "lastModifiedById": "0052w000007mbAqAAI",
      "lastModifiedByName": "Dhruv Chowdary",
      "lastModifiedDate": "2020-12-03T16:05:49.000Z",
      "manageableState": "installed",
      "namespacePrefix": "smagicinteract",
      "type": "StaticResource"
    },
    {
      "createdById": "0052w000007mbAqAAI",
      "createdByName": "Dhruv Chowdary",
      "createdDate": "2020-12-03T16:05:48.000Z",
      "fileName": "staticresources/smagicinteract__DoubleOptIn.resource",
      "fullName": "smagicinteract__DoubleOptIn",
      "id": "0811s0000000QQyAAM",
      "lastModifiedById": "0052w000007mbAqAAI",
      "lastModifiedByName": "Dhruv Chowdary",
      "lastModifiedDate": "2020-12-03T16:05:48.000Z",
      "manageableState": "installed",
      "namespacePrefix": "smagicinteract",
      "type": "StaticResource"
    },
    {
      "createdById": "0052w000007mbAqAAI",
      "createdByName": "Dhruv Chowdary",
      "createdDate": "2020-12-03T16:05:49.000Z",
      "fileName": "staticresources/smagicinteract__sendSMSJS.resource",
      "fullName": "smagicinteract__sendSMSJS",
      "id": "0811s0000000QRWAA2",
      "lastModifiedById": "0052w000007mbAqAAI",
      "lastModifiedByName": "Dhruv Chowdary",
      "lastModifiedDate": "2020-12-03T16:05:49.000Z",
      "manageableState": "installed",
      "namespacePrefix": "smagicinteract",
      "type": "StaticResource"
    },
    {
      "createdById": "0052w000007mbAqAAI",
      "createdByName": "Dhruv Chowdary",
      "createdDate": "2020-12-03T16:05:49.000Z",
      "fileName": "staticresources/smagicinteract__new_sms_icon.resource",
      "fullName": "smagicinteract__new_sms_icon",
      "id": "0811s0000000QRPAA2",
      "lastModifiedById": "0052w000007mbAqAAI",
      "lastModifiedByName": "Dhruv Chowdary",
      "lastModifiedDate": "2020-12-03T16:05:49.000Z",
      "manageableState": "installed",
      "namespacePrefix": "smagicinteract",
      "type": "StaticResource"
    },
    {
      "createdById": "0052w000007mbAqAAI",
      "createdByName": "Dhruv Chowdary",
      "createdDate": "2020-12-03T16:05:49.000Z",
      "fileName": "staticresources/smagicinteract__SMS_Insight_Reload.resource",
      "fullName": "smagicinteract__SMS_Insight_Reload",
      "id": "0811s0000000QR6AAM",
      "lastModifiedById": "0052w000007mbAqAAI",
      "lastModifiedByName": "Dhruv Chowdary",
      "lastModifiedDate": "2020-12-03T16:05:49.000Z",
      "manageableState": "installed",
      "namespacePrefix": "smagicinteract",
      "type": "StaticResource"
    },
    {
      "createdById": "0052w000007mbAqAAI",
      "createdByName": "Dhruv Chowdary",
      "createdDate": "2020-12-03T16:05:48.000Z",
      "fileName": "staticresources/smagicinteract__Controller.resource",
      "fullName": "smagicinteract__Controller",
      "id": "0811s0000000QQuAAM",
      "lastModifiedById": "0052w000007mbAqAAI",
      "lastModifiedByName": "Dhruv Chowdary",
      "lastModifiedDate": "2020-12-03T16:05:48.000Z",
      "manageableState": "installed",
      "namespacePrefix": "smagicinteract",
      "type": "StaticResource"
    },
    {
      "createdById": "0051s000001FMIzAAO",
      "createdByName": "Prasan",
      "createdDate": "2021-04-13T07:38:25.000Z",
      "fileName": "staticresources/jqxgrid.resource",
      "fullName": "jqxgrid",
      "id": "0811s0000000X99AAE",
      "lastModifiedById": "0051s000001FMIzAAO",
      "lastModifiedByName": "Prasan",
      "lastModifiedDate": "2021-04-13T07:38:25.000Z",
      "manageableState": "unmanaged",
      "type": "StaticResource"
    },
    {
      "createdById": "0052w000007mbAqAAI",
      "createdByName": "Dhruv Chowdary",
      "createdDate": "2020-12-03T16:05:49.000Z",
      "fileName": "staticresources/smagicinteract__comet.resource",
      "fullName": "smagicinteract__comet",
      "id": "0811s0000000QREAA2",
      "lastModifiedById": "0052w000007mbAqAAI",
      "lastModifiedByName": "Dhruv Chowdary",
      "lastModifiedDate": "2020-12-03T16:05:49.000Z",
      "manageableState": "installed",
      "namespacePrefix": "smagicinteract",
      "type": "StaticResource"
    },
    {
      "createdById": "0052w000007mbAqAAI",
      "createdByName": "Dhruv Chowdary",
      "createdDate": "2020-12-03T16:05:49.000Z",
      "fileName": "staticresources/smagicinteract__SMS_Action_Icon.resource",
      "fullName": "smagicinteract__SMS_Action_Icon",
      "id": "0811s0000000QR5AAM",
      "lastModifiedById": "0052w000007mbAqAAI",
      "lastModifiedByName": "Dhruv Chowdary",
      "lastModifiedDate": "2020-12-03T16:05:49.000Z",
      "manageableState": "installed",
      "namespacePrefix": "smagicinteract",
      "type": "StaticResource"
    },
    {
      "createdById": "0052w000007mbAqAAI",
      "createdByName": "Dhruv Chowdary",
      "createdDate": "2020-12-03T16:05:49.000Z",
      "fileName": "staticresources/smagicinteract__sender_id_blue.resource",
      "fullName": "smagicinteract__sender_id_blue",
      "id": "0811s0000000QRXAA2",
      "lastModifiedById": "0052w000007mbAqAAI",
      "lastModifiedByName": "Dhruv Chowdary",
      "lastModifiedDate": "2020-12-03T16:05:49.000Z",
      "manageableState": "installed",
      "namespacePrefix": "smagicinteract",
      "type": "StaticResource"
    },
    {
      "createdById": "0052w000007mbAqAAI",
      "createdByName": "Dhruv Chowdary",
      "createdDate": "2020-12-03T16:05:48.000Z",
      "fileName": "staticresources/smagicinteract__DropDownArrow.resource",
      "fullName": "smagicinteract__DropDownArrow",
      "id": "0811s0000000QQzAAM",
      "lastModifiedById": "0052w000007mbAqAAI",
      "lastModifiedByName": "Dhruv Chowdary",
      "lastModifiedDate": "2020-12-03T16:05:48.000Z",
      "manageableState": "installed",
      "namespacePrefix": "smagicinteract",
      "type": "StaticResource"
    },
    {
      "createdById": "0052w000007mbAqAAI",
      "createdByName": "Dhruv Chowdary",
      "createdDate": "2020-12-03T16:05:48.000Z",
      "fileName": "staticresources/smagicinteract__AngularTranslate.resource",
      "fullName": "smagicinteract__AngularTranslate",
      "id": "0811s0000000QQoAAM",
      "lastModifiedById": "0052w000007mbAqAAI",
      "lastModifiedByName": "Dhruv Chowdary",
      "lastModifiedDate": "2020-12-03T16:05:48.000Z",
      "manageableState": "installed",
      "namespacePrefix": "smagicinteract",
      "type": "StaticResource"
    },
    {
      "createdById": "0052w000007mbAqAAI",
      "createdByName": "Dhruv Chowdary",
      "createdDate": "2020-12-03T16:05:49.000Z",
      "fileName": "staticresources/smagicinteract__no_related_conversation_Image.resource",
      "fullName": "smagicinteract__no_related_conversation_Image",
      "id": "0811s0000000QRQAA2",
      "lastModifiedById": "0052w000007mbAqAAI",
      "lastModifiedByName": "Dhruv Chowdary",
      "lastModifiedDate": "2020-12-03T16:05:49.000Z",
      "manageableState": "installed",
      "namespacePrefix": "smagicinteract",
      "type": "StaticResource"
    },
    {
      "createdById": "0052w000007mbAqAAI",
      "createdByName": "Dhruv Chowdary",
      "createdDate": "2020-12-03T16:05:48.000Z",
      "fileName": "staticresources/smagicinteract__BulkSMSJS.resource",
      "fullName": "smagicinteract__BulkSMSJS",
      "id": "0811s0000000QQqAAM",
      "lastModifiedById": "0052w000007mbAqAAI",
      "lastModifiedByName": "Dhruv Chowdary",
      "lastModifiedDate": "2020-12-03T16:05:48.000Z",
      "manageableState": "installed",
      "namespacePrefix": "smagicinteract",
      "type": "StaticResource"
    },
    {
      "createdById": "0052w000007mbAqAAI",
      "createdByName": "Dhruv Chowdary",
      "createdDate": "2020-12-03T16:05:49.000Z",
      "fileName": "staticresources/smagicinteract__compliance_access_denied.resource",
      "fullName": "smagicinteract__compliance_access_denied",
      "id": "0811s0000000QRGAA2",
      "lastModifiedById": "0052w000007mbAqAAI",
      "lastModifiedByName": "Dhruv Chowdary",
      "lastModifiedDate": "2020-12-03T16:05:49.000Z",
      "manageableState": "installed",
      "namespacePrefix": "smagicinteract",
      "type": "StaticResource"
    },
    {
      "createdById": "0052w000007mbAqAAI",
      "createdByName": "Dhruv Chowdary",
      "createdDate": "2020-12-03T16:05:49.000Z",
      "fileName": "staticresources/smagicinteract__ERRORIMAGE.resource",
      "fullName": "smagicinteract__ERRORIMAGE",
      "id": "0811s0000000QR0AAM",
      "lastModifiedById": "0052w000007mbAqAAI",
      "lastModifiedByName": "Dhruv Chowdary",
      "lastModifiedDate": "2020-12-03T16:05:49.000Z",
      "manageableState": "installed",
      "namespacePrefix": "smagicinteract",
      "type": "StaticResource"
    },
    {
      "createdById": "0052w000007mbAqAAI",
      "createdByName": "Dhruv Chowdary",
      "createdDate": "2020-12-03T16:05:49.000Z",
      "fileName": "staticresources/smagicinteract__View_Sample_Database.resource",
      "fullName": "smagicinteract__View_Sample_Database",
      "id": "0811s0000000QRCAA2",
      "lastModifiedById": "0052w000007mbAqAAI",
      "lastModifiedByName": "Dhruv Chowdary",
      "lastModifiedDate": "2020-12-03T16:05:49.000Z",
      "manageableState": "installed",
      "namespacePrefix": "smagicinteract",
      "type": "StaticResource"
    },
    {
      "createdById": "0052w000007mbAqAAI",
      "createdByName": "Dhruv Chowdary",
      "createdDate": "2020-12-03T16:05:49.000Z",
      "fileName": "staticresources/smagicinteract__smagicinteractGetData.resource",
      "fullName": "smagicinteract__smagicinteractGetData",
      "id": "0811s0000000QRZAA2",
      "lastModifiedById": "0052w000007mbAqAAI",
      "lastModifiedByName": "Dhruv Chowdary",
      "lastModifiedDate": "2020-12-03T16:05:49.000Z",
      "manageableState": "installed",
      "namespacePrefix": "smagicinteract",
      "type": "StaticResource"
    },
    {
      "createdById": "0052w000007mbAqAAI",
      "createdByName": "Dhruv Chowdary",
      "createdDate": "2020-12-03T16:05:49.000Z",
      "fileName": "staticresources/smagicinteract__jqueryUI.resource",
      "fullName": "smagicinteract__jqueryUI",
      "id": "0811s0000000QRMAA2",
      "lastModifiedById": "0052w000007mbAqAAI",
      "lastModifiedByName": "Dhruv Chowdary",
      "lastModifiedDate": "2020-12-03T16:05:49.000Z",
      "manageableState": "installed",
      "namespacePrefix": "smagicinteract",
      "type": "StaticResource"
    },
    {
      "createdById": "0052w000007mbAqAAI",
      "createdByName": "Dhruv Chowdary",
      "createdDate": "2020-12-03T16:05:49.000Z",
      "fileName": "staticresources/smagicinteract__phone_blue.resource",
      "fullName": "smagicinteract__phone_blue",
      "id": "0811s0000000QRSAA2",
      "lastModifiedById": "0052w000007mbAqAAI",
      "lastModifiedByName": "Dhruv Chowdary",
      "lastModifiedDate": "2020-12-03T16:05:49.000Z",
      "manageableState": "installed",
      "namespacePrefix": "smagicinteract",
      "type": "StaticResource"
    },
    {
      "createdById": "0052w000007mbAqAAI",
      "createdByName": "Dhruv Chowdary",
      "createdDate": "2021-07-25T05:31:43.000Z",
      "fileName": "staticresources/Confetti.resource",
      "fullName": "Confetti",
      "id": "0811s0000000ddZAAQ",
      "lastModifiedById": "0052w000007mbAqAAI",
      "lastModifiedByName": "Dhruv Chowdary",
      "lastModifiedDate": "2021-07-25T05:31:43.000Z",
      "manageableState": "unmanaged",
      "type": "StaticResource"
    },
    {
      "createdById": "0052w000007mbAqAAI",
      "createdByName": "Dhruv Chowdary",
      "createdDate": "2020-12-03T16:05:49.000Z",
      "fileName": "staticresources/smagicinteract__themeCircle.resource",
      "fullName": "smagicinteract__themeCircle",
      "id": "0811s0000000QRcAAM",
      "lastModifiedById": "0052w000007mbAqAAI",
      "lastModifiedByName": "Dhruv Chowdary",
      "lastModifiedDate": "2020-12-03T16:05:49.000Z",
      "manageableState": "installed",
      "namespacePrefix": "smagicinteract",
      "type": "StaticResource"
    },
    {
      "createdById": "0052w000007mbAqAAI",
      "createdByName": "Dhruv Chowdary",
      "createdDate": "2020-12-03T16:05:49.000Z",
      "fileName": "staticresources/smagicinteract__comp_icons.resource",
      "fullName": "smagicinteract__comp_icons",
      "id": "0811s0000000QRFAA2",
      "lastModifiedById": "0052w000007mbAqAAI",
      "lastModifiedByName": "Dhruv Chowdary",
      "lastModifiedDate": "2020-12-03T16:05:49.000Z",
      "manageableState": "installed",
      "namespacePrefix": "smagicinteract",
      "type": "StaticResource"
    },
    {
      "createdById": "0052w000007mbAqAAI",
      "createdByName": "Dhruv Chowdary",
      "createdDate": "2020-12-03T16:05:48.000Z",
      "fileName": "staticresources/smagicinteract__DefaultTheme.resource",
      "fullName": "smagicinteract__DefaultTheme",
      "id": "0811s0000000QQxAAM",
      "lastModifiedById": "0052w000007mbAqAAI",
      "lastModifiedByName": "Dhruv Chowdary",
      "lastModifiedDate": "2020-12-03T16:05:48.000Z",
      "manageableState": "installed",
      "namespacePrefix": "smagicinteract",
      "type": "StaticResource"
    },
    {
      "createdById": "0052w000007mbAqAAI",
      "createdByName": "Dhruv Chowdary",
      "createdDate": "2020-12-03T16:05:47.000Z",
      "fileName": "staticresources/smagicinteract__AUTOMATION.resource",
      "fullName": "smagicinteract__AUTOMATION",
      "id": "0811s0000000QQmAAM",
      "lastModifiedById": "0052w000007mbAqAAI",
      "lastModifiedByName": "Dhruv Chowdary",
      "lastModifiedDate": "2020-12-03T16:05:47.000Z",
      "manageableState": "installed",
      "namespacePrefix": "smagicinteract",
      "type": "StaticResource"
    },
    {
      "createdById": "0052w000007mbAqAAI",
      "createdByName": "Dhruv Chowdary",
      "createdDate": "2020-12-03T16:05:48.000Z",
      "fileName": "staticresources/smagicinteract__AngularJS.resource",
      "fullName": "smagicinteract__AngularJS",
      "id": "0811s0000000QQnAAM",
      "lastModifiedById": "0052w000007mbAqAAI",
      "lastModifiedByName": "Dhruv Chowdary",
      "lastModifiedDate": "2020-12-03T16:05:48.000Z",
      "manageableState": "installed",
      "namespacePrefix": "smagicinteract",
      "type": "StaticResource"
    },
    {
      "createdById": "0052w000007mbAqAAI",
      "createdByName": "Dhruv Chowdary",
      "createdDate": "2020-12-03T16:05:49.000Z",
      "fileName": "staticresources/smagicinteract__ImageTheme.resource",
      "fullName": "smagicinteract__ImageTheme",
      "id": "0811s0000000QR1AAM",
      "lastModifiedById": "0052w000007mbAqAAI",
      "lastModifiedByName": "Dhruv Chowdary",
      "lastModifiedDate": "2020-12-03T16:05:49.000Z",
      "manageableState": "installed",
      "namespacePrefix": "smagicinteract",
      "type": "StaticResource"
    },
    {
      "createdById": "0052w000007mbAqAAI",
      "createdByName": "Dhruv Chowdary",
      "createdDate": "2020-12-03T16:05:49.000Z",
      "fileName": "staticresources/smagicinteract__OrangeTheme.resource",
      "fullName": "smagicinteract__OrangeTheme",
      "id": "0811s0000000QR4AAM",
      "lastModifiedById": "0052w000007mbAqAAI",
      "lastModifiedByName": "Dhruv Chowdary",
      "lastModifiedDate": "2020-12-03T16:05:49.000Z",
      "manageableState": "installed",
      "namespacePrefix": "smagicinteract",
      "type": "StaticResource"
    },
    {
      "createdById": "0052w000007mbAqAAI",
      "createdByName": "Dhruv Chowdary",
      "createdDate": "2020-12-03T16:05:49.000Z",
      "fileName": "staticresources/smagicinteract__orange_logo.resource",
      "fullName": "smagicinteract__orange_logo",
      "id": "0811s0000000QRRAA2",
      "lastModifiedById": "0052w000007mbAqAAI",
      "lastModifiedByName": "Dhruv Chowdary",
      "lastModifiedDate": "2020-12-03T16:05:49.000Z",
      "manageableState": "installed",
      "namespacePrefix": "smagicinteract",
      "type": "StaticResource"
    },
    {
      "createdById": "0052w000007mbAqAAI",
      "createdByName": "Dhruv Chowdary",
      "createdDate": "2020-12-03T16:05:49.000Z",
      "fileName": "staticresources/smagicinteract__jquery.resource",
      "fullName": "smagicinteract__jquery",
      "id": "0811s0000000QRLAA2",
      "lastModifiedById": "0052w000007mbAqAAI",
      "lastModifiedByName": "Dhruv Chowdary",
      "lastModifiedDate": "2020-12-03T16:05:49.000Z",
      "manageableState": "installed",
      "namespacePrefix": "smagicinteract",
      "type": "StaticResource"
    },
    {
      "createdById": "0052w000007mbAqAAI",
      "createdByName": "Dhruv Chowdary",
      "createdDate": "2020-12-03T16:05:48.000Z",
      "fileName": "staticresources/smagicinteract__ContentTypeSelection.resource",
      "fullName": "smagicinteract__ContentTypeSelection",
      "id": "0811s0000000QQtAAM",
      "lastModifiedById": "0052w000007mbAqAAI",
      "lastModifiedByName": "Dhruv Chowdary",
      "lastModifiedDate": "2020-12-03T16:05:48.000Z",
      "manageableState": "installed",
      "namespacePrefix": "smagicinteract",
      "type": "StaticResource"
    },
    {
      "createdById": "0052w000007mbAqAAI",
      "createdByName": "Dhruv Chowdary",
      "createdDate": "2020-12-03T16:05:49.000Z",
      "fileName": "staticresources/smagicinteract__themeIcon.resource",
      "fullName": "smagicinteract__themeIcon",
      "id": "0811s0000000QRdAAM",
      "lastModifiedById": "0052w000007mbAqAAI",
      "lastModifiedByName": "Dhruv Chowdary",
      "lastModifiedDate": "2020-12-03T16:05:49.000Z",
      "manageableState": "installed",
      "namespacePrefix": "smagicinteract",
      "type": "StaticResource"
    },
    {
      "createdById": "0052w000007mbAqAAI",
      "createdByName": "Dhruv Chowdary",
      "createdDate": "2020-12-03T16:05:49.000Z",
      "fileName": "staticresources/smagicinteract__Starter.resource",
      "fullName": "smagicinteract__Starter",
      "id": "0811s0000000QR9AAM",
      "lastModifiedById": "0052w000007mbAqAAI",
      "lastModifiedByName": "Dhruv Chowdary",
      "lastModifiedDate": "2020-12-03T16:05:49.000Z",
      "manageableState": "installed",
      "namespacePrefix": "smagicinteract",
      "type": "StaticResource"
    },
    {
      "createdById": "0052w000007mbAqAAI",
      "createdByName": "Dhruv Chowdary",
      "createdDate": "2020-12-03T16:05:49.000Z",
      "fileName": "staticresources/smagicinteract__messageSetting.resource",
      "fullName": "smagicinteract__messageSetting",
      "id": "0811s0000000QROAA2",
      "lastModifiedById": "0052w000007mbAqAAI",
      "lastModifiedByName": "Dhruv Chowdary",
      "lastModifiedDate": "2020-12-03T16:05:49.000Z",
      "manageableState": "installed",
      "namespacePrefix": "smagicinteract",
      "type": "StaticResource"
    },
    {
      "createdById": "0052w000007mbAqAAI",
      "createdByName": "Dhruv Chowdary",
      "createdDate": "2020-12-03T16:05:49.000Z",
      "fileName": "staticresources/smagicinteract__SettingsEmptyImage.resource",
      "fullName": "smagicinteract__SettingsEmptyImage",
      "id": "0811s0000000QR8AAM",
      "lastModifiedById": "0052w000007mbAqAAI",
      "lastModifiedByName": "Dhruv Chowdary",
      "lastModifiedDate": "2020-12-03T16:05:49.000Z",
      "manageableState": "installed",
      "namespacePrefix": "smagicinteract",
      "type": "StaticResource"
    },
    {
      "createdById": "0052w000007mbAqAAI",
      "createdByName": "Dhruv Chowdary",
      "createdDate": "2020-12-03T16:05:48.000Z",
      "fileName": "staticresources/smagicinteract__DOUBLE_TICKICON.resource",
      "fullName": "smagicinteract__DOUBLE_TICKICON",
      "id": "0811s0000000QQvAAM",
      "lastModifiedById": "0052w000007mbAqAAI",
      "lastModifiedByName": "Dhruv Chowdary",
      "lastModifiedDate": "2020-12-03T16:05:48.000Z",
      "manageableState": "installed",
      "namespacePrefix": "smagicinteract",
      "type": "StaticResource"
    },
    {
      "createdById": "0052w000007mbAqAAI",
      "createdByName": "Dhruv Chowdary",
      "createdDate": "2020-12-03T16:05:48.000Z",
      "fileName": "staticresources/smagicinteract__DarkBlueTheme.resource",
      "fullName": "smagicinteract__DarkBlueTheme",
      "id": "0811s0000000QQwAAM",
      "lastModifiedById": "0052w000007mbAqAAI",
      "lastModifiedByName": "Dhruv Chowdary",
      "lastModifiedDate": "2020-12-03T16:05:48.000Z",
      "manageableState": "installed",
      "namespacePrefix": "smagicinteract",
      "type": "StaticResource"
    },
    {
      "createdById": "0052w000007mbAqAAI",
      "createdByName": "Dhruv Chowdary",
      "createdDate": "2020-12-03T16:05:49.000Z",
      "fileName": "staticresources/smagicinteract__themeImage.resource",
      "fullName": "smagicinteract__themeImage",
      "id": "0811s0000000QReAAM",
      "lastModifiedById": "0052w000007mbAqAAI",
      "lastModifiedByName": "Dhruv Chowdary",
      "lastModifiedDate": "2020-12-03T16:05:49.000Z",
      "manageableState": "installed",
      "namespacePrefix": "smagicinteract",
      "type": "StaticResource"
    },
    {
      "createdById": "0052w000007mbAqAAI",
      "createdByName": "Dhruv Chowdary",
      "createdDate": "2020-12-03T16:05:49.000Z",
      "fileName": "staticresources/smagicinteract__LightGreenTheme.resource",
      "fullName": "smagicinteract__LightGreenTheme",
      "id": "0811s0000000QR2AAM",
      "lastModifiedById": "0052w000007mbAqAAI",
      "lastModifiedByName": "Dhruv Chowdary",
      "lastModifiedDate": "2020-12-03T16:05:49.000Z",
      "manageableState": "installed",
      "namespacePrefix": "smagicinteract",
      "type": "StaticResource"
    },
    {
      "createdById": "0052w000007mbAqAAI",
      "createdByName": "Dhruv Chowdary",
      "createdDate": "2020-12-03T16:05:49.000Z",
      "fileName": "staticresources/smagicinteract__content_type_blue.resource",
      "fullName": "smagicinteract__content_type_blue",
      "id": "0811s0000000QRHAA2",
      "lastModifiedById": "0052w000007mbAqAAI",
      "lastModifiedByName": "Dhruv Chowdary",
      "lastModifiedDate": "2020-12-03T16:05:49.000Z",
      "manageableState": "installed",
      "namespacePrefix": "smagicinteract",
      "type": "StaticResource"
    },
    {
      "createdById": "0052w000007mbAqAAI",
      "createdByName": "Dhruv Chowdary",
      "createdDate": "2020-12-03T16:05:49.000Z",
      "fileName": "staticresources/smagicinteract__LightningDatePicker.resource",
      "fullName": "smagicinteract__LightningDatePicker",
      "id": "0811s0000000QR3AAM",
      "lastModifiedById": "0052w000007mbAqAAI",
      "lastModifiedByName": "Dhruv Chowdary",
      "lastModifiedDate": "2020-12-03T16:05:49.000Z",
      "manageableState": "installed",
      "namespacePrefix": "smagicinteract",
      "type": "StaticResource"
    },
    {
      "createdById": "0052w000007mbAqAAI",
      "createdByName": "Dhruv Chowdary",
      "createdDate": "2020-12-03T16:05:49.000Z",
      "fileName": "staticresources/smagicinteract__content_type_grey.resource",
      "fullName": "smagicinteract__content_type_grey",
      "id": "0811s0000000QRIAA2",
      "lastModifiedById": "0052w000007mbAqAAI",
      "lastModifiedByName": "Dhruv Chowdary",
      "lastModifiedDate": "2020-12-03T16:05:49.000Z",
      "manageableState": "installed",
      "namespacePrefix": "smagicinteract",
      "type": "StaticResource"
    },
    {
      "createdById": "0052w000007mbAqAAI",
      "createdByName": "Dhruv Chowdary",
      "createdDate": "2020-12-03T16:05:48.000Z",
      "fileName": "staticresources/smagicinteract__ChartJS.resource",
      "fullName": "smagicinteract__ChartJS",
      "id": "0811s0000000QQsAAM",
      "lastModifiedById": "0052w000007mbAqAAI",
      "lastModifiedByName": "Dhruv Chowdary",
      "lastModifiedDate": "2020-12-03T16:05:48.000Z",
      "manageableState": "installed",
      "namespacePrefix": "smagicinteract",
      "type": "StaticResource"
    }
  ]
}
