{
  "status": 0,
  "result": [
    {
      "createdById": "0052w000006GRCKAA4",
      "createdByName": "Ecommerce Integration",
      "createdDate": "2020-09-16T09:11:14.000Z",
      "fileName": "classes/OrderController.cls",
      "fullName": "OrderController",
      "id": "01p2w00000IypxKAAR",
      "lastModifiedById": "0052w000006GRCKAA4",
      "lastModifiedByName": "Ecommerce Integration",
      "lastModifiedDate": "2020-09-28T19:18:58.000Z",
      "manageableState": "unmanaged",
      "type": "ApexClass"
    },
    {
      "createdById": "0052w000006GRCKAA4",
      "createdByName": "Ecommerce Integration",
      "createdDate": "2020-09-09T10:13:53.000Z",
      "fileName": "classes/MagentoUtility.cls",
      "fullName": "MagentoUtility",
      "id": "01p2w00000HnE1aAAF",
      "lastModifiedById": "0052w000006GRCKAA4",
      "lastModifiedByName": "Ecommerce Integration",
      "lastModifiedDate": "2020-09-27T20:27:07.000Z",
      "manageableState": "unmanaged",
      "type": "ApexClass"
    },
    {
      "createdById": "0052w000006GRCKAA4",
      "createdByName": "Ecommerce Integration",
      "createdDate": "2020-09-14T07:11:36.000Z",
      "fileName": "classes/WooCommerceUtility.cls",
      "fullName": "WooCommerceUtility",
      "id": "01p2w00000Iy241AAB",
      "lastModifiedById": "0052w000006GRCKAA4",
      "lastModifiedByName": "Ecommerce Integration",
      "lastModifiedDate": "2020-09-28T07:07:35.000Z",
      "manageableState": "unmanaged",
      "type": "ApexClass"
    },
    {
      "createdById": "0052w000006GRCKAA4",
      "createdByName": "Ecommerce Integration",
      "createdDate": "2020-09-02T11:59:15.000Z",
      "fileName": "classes/AppConfiguration.cls",
      "fullName": "AppConfiguration",
      "id": "01p2w00000Hl5SpAAJ",
      "lastModifiedById": "0052w000006GRCKAA4",
      "lastModifiedByName": "Ecommerce Integration",
      "lastModifiedDate": "2020-09-17T07:31:34.000Z",
      "manageableState": "unmanaged",
      "type": "ApexClass"
    },
    {
      "createdById": "0052w000006GRCKAA4",
      "createdByName": "Ecommerce Integration",
      "createdDate": "2020-09-25T17:15:15.000Z",
      "fileName": "classes/WooOrderBatch.cls",
      "fullName": "WooOrderBatch",
      "id": "01p2w00000JuUeLAAV",
      "lastModifiedById": "0052w000006GRCKAA4",
      "lastModifiedByName": "Ecommerce Integration",
      "lastModifiedDate": "2020-09-28T08:08:11.000Z",
      "manageableState": "unmanaged",
      "type": "ApexClass"
    },
    {
      "createdById": "0052w000006GRCKAA4",
      "createdByName": "Ecommerce Integration",
      "createdDate": "2020-09-18T19:36:36.000Z",
      "fileName": "classes/MagentoCustomer.cls",
      "fullName": "MagentoCustomer",
      "id": "01p2w00000IzdOoAAJ",
      "lastModifiedById": "0052w000006GRCKAA4",
      "lastModifiedByName": "Ecommerce Integration",
      "lastModifiedDate": "2020-09-26T11:24:45.000Z",
      "manageableState": "unmanaged",
      "type": "ApexClass"
    },
    {
      "createdById": "0052w000006GRCKAA4",
      "createdByName": "Ecommerce Integration",
      "createdDate": "2020-09-14T06:08:50.000Z",
      "fileName": "classes/MagentoProduct.cls",
      "fullName": "MagentoProduct",
      "id": "01p2w00000IxzJAAAZ",
      "lastModifiedById": "0052w000006GRCKAA4",
      "lastModifiedByName": "Ecommerce Integration",
      "lastModifiedDate": "2020-09-21T09:39:41.000Z",
      "manageableState": "unmanaged",
      "type": "ApexClass"
    },
    {
      "createdById": "0052w000006GRCKAA4",
      "createdByName": "Ecommerce Integration",
      "createdDate": "2020-09-20T20:03:24.000Z",
      "fileName": "classes/WooOrder.cls",
      "fullName": "WooOrder",
      "id": "01p2w00000J06t1AAB",
      "lastModifiedById": "0052w000006GRCKAA4",
      "lastModifiedByName": "Ecommerce Integration",
      "lastModifiedDate": "2020-09-28T05:47:14.000Z",
      "manageableState": "unmanaged",
      "type": "ApexClass"
    },
    {
      "createdById": "0052w000006GRCKAA4",
      "createdByName": "Ecommerce Integration",
      "createdDate": "2020-09-24T09:00:58.000Z",
      "fileName": "classes/ShopifyCustomerBatch.cls",
      "fullName": "ShopifyCustomerBatch",
      "id": "01p2w00000Ju1k9AAB",
      "lastModifiedById": "0052w000006GRCKAA4",
      "lastModifiedByName": "Ecommerce Integration",
      "lastModifiedDate": "2020-09-24T19:21:50.000Z",
      "manageableState": "unmanaged",
      "type": "ApexClass"
    },
    {
      "createdById": "0052w000006GRCKAA4",
      "createdByName": "Ecommerce Integration",
      "createdDate": "2020-09-24T18:50:38.000Z",
      "fileName": "classes/ShopifyOrder.cls",
      "fullName": "ShopifyOrder",
      "id": "01p2w00000JuBEVAA3",
      "lastModifiedById": "0052w000006GRCKAA4",
      "lastModifiedByName": "Ecommerce Integration",
      "lastModifiedDate": "2020-09-27T14:29:50.000Z",
      "manageableState": "unmanaged",
      "type": "ApexClass"
    },
    {
      "createdById": "0052w000006GRCKAA4",
      "createdByName": "Ecommerce Integration",
      "createdDate": "2020-09-22T14:18:14.000Z",
      "fileName": "classes/customLookUpController.cls",
      "fullName": "customLookUpController",
      "id": "01p2w00000J0pmtAAB",
      "lastModifiedById": "0052w000006GRCKAA4",
      "lastModifiedByName": "Ecommerce Integration",
      "lastModifiedDate": "2020-09-22T14:18:39.000Z",
      "manageableState": "unmanaged",
      "type": "ApexClass"
    },
    {
      "createdById": "0052w000006GRCKAA4",
      "createdByName": "Ecommerce Integration",
      "createdDate": "2020-09-21T05:03:41.000Z",
      "fileName": "classes/ShopifyOrderBatch.cls",
      "fullName": "ShopifyOrderBatch",
      "id": "01p2w00000J0CFFAA3",
      "lastModifiedById": "0052w000006GRCKAA4",
      "lastModifiedByName": "Ecommerce Integration",
      "lastModifiedDate": "2020-09-28T05:58:18.000Z",
      "manageableState": "unmanaged",
      "type": "ApexClass"
    },
    {
      "createdById": "0052w000006GRCKAA4",
      "createdByName": "Ecommerce Integration",
      "createdDate": "2020-09-27T18:00:09.000Z",
      "fileName": "classes/MagentoOrder.cls",
      "fullName": "MagentoOrder",
      "id": "01p2w00000JuxPsAAJ",
      "lastModifiedById": "0052w000006GRCKAA4",
      "lastModifiedByName": "Ecommerce Integration",
      "lastModifiedDate": "2020-09-27T18:11:22.000Z",
      "manageableState": "unmanaged",
      "type": "ApexClass"
    },
    {
      "createdById": "0052w000006GRCKAA4",
      "createdByName": "Ecommerce Integration",
      "createdDate": "2020-09-20T15:03:48.000Z",
      "fileName": "classes/ShopifyProductBatch.cls",
      "fullName": "ShopifyProductBatch",
      "id": "01p2w00000J05UVAAZ",
      "lastModifiedById": "0052w000006GRCKAA4",
      "lastModifiedByName": "Ecommerce Integration",
      "lastModifiedDate": "2020-09-22T11:17:04.000Z",
      "manageableState": "unmanaged",
      "type": "ApexClass"
    },
    {
      "createdById": "0052w000006GRCKAA4",
      "createdByName": "Ecommerce Integration",
      "createdDate": "2020-09-26T14:08:53.000Z",
      "fileName": "classes/MagentoOrderBatch.cls",
      "fullName": "MagentoOrderBatch",
      "id": "01p2w00000JueTpAAJ",
      "lastModifiedById": "0052w000006GRCKAA4",
      "lastModifiedByName": "Ecommerce Integration",
      "lastModifiedDate": "2020-09-27T16:10:00.000Z",
      "manageableState": "unmanaged",
      "type": "ApexClass"
    },
    {
      "createdById": "0052w000006GRCKAA4",
      "createdByName": "Ecommerce Integration",
      "createdDate": "2020-09-17T10:46:31.000Z",
      "fileName": "classes/WooCommerceProductsBatch.cls",
      "fullName": "WooCommerceProductsBatch",
      "id": "01p2w00000IzDeRAAV",
      "lastModifiedById": "0052w000006GRCKAA4",
      "lastModifiedByName": "Ecommerce Integration",
      "lastModifiedDate": "2020-09-27T17:23:53.000Z",
      "manageableState": "unmanaged",
      "type": "ApexClass"
    },
    {
      "createdById": "0052w000006GRCKAA4",
      "createdByName": "Ecommerce Integration",
      "createdDate": "2020-09-15T13:52:06.000Z",
      "fileName": "classes/MagentoProductList.cls",
      "fullName": "MagentoProductList",
      "id": "01p2w00000IybCfAAJ",
      "lastModifiedById": "0052w000006GRCKAA4",
      "lastModifiedByName": "Ecommerce Integration",
      "lastModifiedDate": "2020-09-15T18:06:38.000Z",
      "manageableState": "unmanaged",
      "type": "ApexClass"
    },
    {
      "createdById": "0052w000006GRCKAA4",
      "createdByName": "Ecommerce Integration",
      "createdDate": "2020-09-16T09:02:31.000Z",
      "fileName": "classes/CustomerController.cls",
      "fullName": "CustomerController",
      "id": "01p2w00000IypsxAAB",
      "lastModifiedById": "0052w000006GRCKAA4",
      "lastModifiedByName": "Ecommerce Integration",
      "lastModifiedDate": "2020-09-27T20:03:08.000Z",
      "manageableState": "unmanaged",
      "type": "ApexClass"
    },
    {
      "createdById": "0052w000006GRCKAA4",
      "createdByName": "Ecommerce Integration",
      "createdDate": "2020-09-20T18:39:30.000Z",
      "fileName": "classes/WooCustomer.cls",
      "fullName": "WooCustomer",
      "id": "01p2w00000J06jiAAB",
      "lastModifiedById": "0052w000006GRCKAA4",
      "lastModifiedByName": "Ecommerce Integration",
      "lastModifiedDate": "2020-09-20T18:39:50.000Z",
      "manageableState": "unmanaged",
      "type": "ApexClass"
    },
    {
      "createdById": "0052w000006GRCKAA4",
      "createdByName": "Ecommerce Integration",
      "createdDate": "2020-09-14T07:15:11.000Z",
      "fileName": "classes/WCProduct.cls",
      "fullName": "WCProduct",
      "id": "01p2w00000Iy2GeAAJ",
      "lastModifiedById": "0052w000006GRCKAA4",
      "lastModifiedByName": "Ecommerce Integration",
      "lastModifiedDate": "2020-09-26T16:37:49.000Z",
      "manageableState": "unmanaged",
      "type": "ApexClass"
    },
    {
      "createdById": "0052w000006GRCKAA4",
      "createdByName": "Ecommerce Integration",
      "createdDate": "2020-09-14T10:16:03.000Z",
      "fileName": "classes/ShopifyUtility.cls",
      "fullName": "ShopifyUtility",
      "id": "01p2w00000Iy7zUAAR",
      "lastModifiedById": "0052w000006GRCKAA4",
      "lastModifiedByName": "Ecommerce Integration",
      "lastModifiedDate": "2020-09-27T14:04:53.000Z",
      "manageableState": "unmanaged",
      "type": "ApexClass"
    },
    {
      "createdById": "0052w000006GRCKAA4",
      "createdByName": "Ecommerce Integration",
      "createdDate": "2020-09-21T19:15:08.000Z",
      "fileName": "classes/ShopifyProduct.cls",
      "fullName": "ShopifyProduct",
      "id": "01p2w00000J0VBRAA3",
      "lastModifiedById": "0052w000006GRCKAA4",
      "lastModifiedByName": "Ecommerce Integration",
      "lastModifiedDate": "2020-09-26T18:31:21.000Z",
      "manageableState": "unmanaged",
      "type": "ApexClass"
    },
    {
      "createdById": "0052w000006GRCKAA4",
      "createdByName": "Ecommerce Integration",
      "createdDate": "2020-09-11T05:20:48.000Z",
      "fileName": "classes/ProductController.cls",
      "fullName": "ProductController",
      "id": "01p2w00000Ix9oMAAR",
      "lastModifiedById": "0052w000006GRCKAA4",
      "lastModifiedByName": "Ecommerce Integration",
      "lastModifiedDate": "2020-09-28T07:37:19.000Z",
      "manageableState": "unmanaged",
      "type": "ApexClass"
    },
    {
      "createdById": "0052w000006GRCKAA4",
      "createdByName": "Ecommerce Integration",
      "createdDate": "2020-09-08T05:38:22.000Z",
      "fileName": "classes/FieldsMappingController.cls",
      "fullName": "FieldsMappingController",
      "id": "01p2w00000HmkRfAAJ",
      "lastModifiedById": "0052w000006GRCKAA4",
      "lastModifiedByName": "Ecommerce Integration",
      "lastModifiedDate": "2020-09-17T08:41:12.000Z",
      "manageableState": "unmanaged",
      "type": "ApexClass"
    },
    {
      "createdById": "0052w000006GRCKAA4",
      "createdByName": "Ecommerce Integration",
      "createdDate": "2020-09-22T10:39:44.000Z",
      "fileName": "classes/WooCustomerBatch.cls",
      "fullName": "WooCustomerBatch",
      "id": "01p2w00000J0la2AAB",
      "lastModifiedById": "0052w000006GRCKAA4",
      "lastModifiedByName": "Ecommerce Integration",
      "lastModifiedDate": "2020-09-28T07:50:11.000Z",
      "manageableState": "unmanaged",
      "type": "ApexClass"
    },
    {
      "createdById": "0052w000006GRCKAA4",
      "createdByName": "Ecommerce Integration",
      "createdDate": "2020-09-15T13:55:51.000Z",
      "fileName": "classes/SyncMagentoProductsBatch.cls",
      "fullName": "SyncMagentoProductsBatch",
      "id": "01p2w00000IybD9AAJ",
      "lastModifiedById": "0052w000006GRCKAA4",
      "lastModifiedByName": "Ecommerce Integration",
      "lastModifiedDate": "2020-09-21T06:29:19.000Z",
      "manageableState": "unmanaged",
      "type": "ApexClass"
    },
    {
      "createdById": "0052w000006GRCKAA4",
      "createdByName": "Ecommerce Integration",
      "createdDate": "2020-09-20T17:25:58.000Z",
      "fileName": "classes/ShopifyCustomer.cls",
      "fullName": "ShopifyCustomer",
      "id": "01p2w00000J06NwAAJ",
      "lastModifiedById": "0052w000006GRCKAA4",
      "lastModifiedByName": "Ecommerce Integration",
      "lastModifiedDate": "2020-09-20T17:26:10.000Z",
      "manageableState": "unmanaged",
      "type": "ApexClass"
    }
  ]
}
