{
  "status": 0,
  "result": [
    {
      "createdById": "0052w000006GRCKAA4",
      "createdByName": "Ecommerce Integration",
      "createdDate": "2020-09-24T10:03:02.000Z",
      "fileName": "aura/customLookupResult2",
      "fullName": "customLookupResult2",
      "id": "0Ab2w000001V7OWCA0",
      "lastModifiedById": "0052w000006GRCKAA4",
      "lastModifiedByName": "Ecommerce Integration",
      "lastModifiedDate": "2020-09-24T10:54:33.000Z",
      "manageableState": "unmanaged",
      "type": "AuraDefinitionBundle"
    },
    {
      "createdById": "0052w000006GRCKAA4",
      "createdByName": "Ecommerce Integration",
      "createdDate": "2020-09-21T15:12:04.000Z",
      "fileName": "aura/RefreshCustomerComponent",
      "fullName": "RefreshCustomerComponent",
      "id": "0Ab2w000001V0f6CAC",
      "lastModifiedById": "0052w000006GRCKAA4",
      "lastModifiedByName": "Ecommerce Integration",
      "lastModifiedDate": "2020-09-21T15:12:21.000Z",
      "manageableState": "unmanaged",
      "type": "AuraDefinitionBundle"
    },
    {
      "createdById": "0052w000006GRCKAA4",
      "createdByName": "Ecommerce Integration",
      "createdDate": "2020-09-12T10:51:31.000Z",
      "fileName": "aura/createNewCustomerCmp",
      "fullName": "createNewCustomerCmp",
      "id": "0Ab2w000001UkgRCAS",
      "lastModifiedById": "0052w000006GRCKAA4",
      "lastModifiedByName": "Ecommerce Integration",
      "lastModifiedDate": "2020-09-21T15:13:33.000Z",
      "manageableState": "unmanaged",
      "type": "AuraDefinitionBundle"
    },
    {
      "createdById": "0052w000006GRCKAA4",
      "createdByName": "Ecommerce Integration",
      "createdDate": "2020-09-24T10:04:11.000Z",
      "fileName": "aura/selectedsObjectRecordEvent2",
      "fullName": "selectedsObjectRecordEvent2",
      "id": "0Ab2w000001V7ObCAK",
      "lastModifiedById": "0052w000006GRCKAA4",
      "lastModifiedByName": "Ecommerce Integration",
      "lastModifiedDate": "2020-09-24T10:04:31.000Z",
      "manageableState": "unmanaged",
      "type": "AuraDefinitionBundle"
    },
    {
      "createdById": "0052w000006GRCKAA4",
      "createdByName": "Ecommerce Integration",
      "createdDate": "2020-09-03T13:25:34.000Z",
      "fileName": "aura/Customer_Component",
      "fullName": "Customer_Component",
      "id": "0Ab2w000001UTBFCA4",
      "lastModifiedById": "0052w000006GRCKAA4",
      "lastModifiedByName": "Ecommerce Integration",
      "lastModifiedDate": "2020-09-26T12:20:45.000Z",
      "manageableState": "unmanaged",
      "type": "AuraDefinitionBundle"
    },
    {
      "createdById": "0052w000006GRCKAA4",
      "createdByName": "Ecommerce Integration",
      "createdDate": "2020-09-07T08:43:20.000Z",
      "fileName": "aura/shopifyMappingEvent",
      "fullName": "shopifyMappingEvent",
      "id": "0Ab2w000001Ua1ACAS",
      "lastModifiedById": "0052w000006GRCKAA4",
      "lastModifiedByName": "Ecommerce Integration",
      "lastModifiedDate": "2020-09-08T10:08:33.000Z",
      "manageableState": "unmanaged",
      "type": "AuraDefinitionBundle"
    },
    {
      "createdById": "0052w000006GRCKAA4",
      "createdByName": "Ecommerce Integration",
      "createdDate": "2020-09-07T08:12:07.000Z",
      "fileName": "aura/shopify_Mapping_Cmp",
      "fullName": "shopify_Mapping_Cmp",
      "id": "0Ab2w000001UZtECAW",
      "lastModifiedById": "0052w000006GRCKAA4",
      "lastModifiedByName": "Ecommerce Integration",
      "lastModifiedDate": "2020-09-28T12:40:12.000Z",
      "manageableState": "unmanaged",
      "type": "AuraDefinitionBundle"
    },
    {
      "createdById": "0052w000006GRCKAA4",
      "createdByName": "Ecommerce Integration",
      "createdDate": "2020-09-22T14:20:10.000Z",
      "fileName": "aura/customLookupResult",
      "fullName": "customLookupResult",
      "id": "0Ab2w000001V352CAC",
      "lastModifiedById": "0052w000006GRCKAA4",
      "lastModifiedByName": "Ecommerce Integration",
      "lastModifiedDate": "2020-09-22T14:20:50.000Z",
      "manageableState": "unmanaged",
      "type": "AuraDefinitionBundle"
    },
    {
      "createdById": "0052w000006GRCKAA4",
      "createdByName": "Ecommerce Integration",
      "createdDate": "2020-09-02T07:44:14.000Z",
      "fileName": "aura/Ecommerce_Console",
      "fullName": "Ecommerce_Console",
      "id": "0Ab2w000001UQCgCAO",
      "lastModifiedById": "0052w000006GRCKAA4",
      "lastModifiedByName": "Ecommerce Integration",
      "lastModifiedDate": "2020-09-28T12:37:12.000Z",
      "manageableState": "unmanaged",
      "type": "AuraDefinitionBundle"
    },
    {
      "createdById": "0052w000006GRCKAA4",
      "createdByName": "Ecommerce Integration",
      "createdDate": "2020-09-22T14:19:27.000Z",
      "fileName": "aura/selectedsObjectRecordEvent",
      "fullName": "selectedsObjectRecordEvent",
      "id": "0Ab2w000001V34xCAC",
      "lastModifiedById": "0052w000006GRCKAA4",
      "lastModifiedByName": "Ecommerce Integration",
      "lastModifiedDate": "2020-09-24T10:03:53.000Z",
      "manageableState": "unmanaged",
      "type": "AuraDefinitionBundle"
    },
    {
      "createdById": "0052w000006GRCKAA4",
      "createdByName": "Ecommerce Integration",
      "createdDate": "2020-09-09T14:52:31.000Z",
      "fileName": "aura/refreshMappingModalBoxEvent",
      "fullName": "refreshMappingModalBoxEvent",
      "id": "0Ab2w000001Uem2CAC",
      "lastModifiedById": "0052w000006GRCKAA4",
      "lastModifiedByName": "Ecommerce Integration",
      "lastModifiedDate": "2020-09-09T14:52:32.000Z",
      "manageableState": "unmanaged",
      "type": "AuraDefinitionBundle"
    },
    {
      "createdById": "0052w000006GRCKAA4",
      "createdByName": "Ecommerce Integration",
      "createdDate": "2020-09-21T13:26:36.000Z",
      "fileName": "aura/RefreshProductComponent",
      "fullName": "RefreshProductComponent",
      "id": "0Ab2w000001V0TYCA0",
      "lastModifiedById": "0052w000006GRCKAA4",
      "lastModifiedByName": "Ecommerce Integration",
      "lastModifiedDate": "2020-09-21T13:27:04.000Z",
      "manageableState": "unmanaged",
      "type": "AuraDefinitionBundle"
    },
    {
      "createdById": "0052w000006GRCKAA4",
      "createdByName": "Ecommerce Integration",
      "createdDate": "2020-09-03T13:25:18.000Z",
      "fileName": "aura/Product_Component",
      "fullName": "Product_Component",
      "id": "0Ab2w000001UTBACA4",
      "lastModifiedById": "0052w000006GRCKAA4",
      "lastModifiedByName": "Ecommerce Integration",
      "lastModifiedDate": "2020-09-27T20:21:10.000Z",
      "manageableState": "unmanaged",
      "type": "AuraDefinitionBundle"
    },
    {
      "createdById": "0052w000006GRCKAA4",
      "createdByName": "Ecommerce Integration",
      "createdDate": "2020-09-03T13:25:59.000Z",
      "fileName": "aura/Order_Component",
      "fullName": "Order_Component",
      "id": "0Ab2w000001UTBKCA4",
      "lastModifiedById": "0052w000006GRCKAA4",
      "lastModifiedByName": "Ecommerce Integration",
      "lastModifiedDate": "2020-09-28T19:45:17.000Z",
      "manageableState": "unmanaged",
      "type": "AuraDefinitionBundle"
    },
    {
      "createdById": "0052w000006GRCKAA4",
      "createdByName": "Ecommerce Integration",
      "createdDate": "2020-09-21T15:15:40.000Z",
      "fileName": "aura/RefreshOrderComponent",
      "fullName": "RefreshOrderComponent",
      "id": "0Ab2w000001V0fBCAS",
      "lastModifiedById": "0052w000006GRCKAA4",
      "lastModifiedByName": "Ecommerce Integration",
      "lastModifiedDate": "2020-09-21T15:15:52.000Z",
      "manageableState": "unmanaged",
      "type": "AuraDefinitionBundle"
    },
    {
      "createdById": "0052w000006GRCKAA4",
      "createdByName": "Ecommerce Integration",
      "createdDate": "2020-09-16T09:29:00.000Z",
      "fileName": "aura/createNewOrderCmp",
      "fullName": "createNewOrderCmp",
      "id": "0Ab2w000001Ur66CAC",
      "lastModifiedById": "0052w000006GRCKAA4",
      "lastModifiedByName": "Ecommerce Integration",
      "lastModifiedDate": "2020-09-28T19:12:16.000Z",
      "manageableState": "unmanaged",
      "type": "AuraDefinitionBundle"
    },
    {
      "createdById": "0052w000006GRCKAA4",
      "createdByName": "Ecommerce Integration",
      "createdDate": "2020-09-12T06:06:41.000Z",
      "fileName": "aura/createNewProductCmp",
      "fullName": "createNewProductCmp",
      "id": "0Ab2w000001UkOKCA0",
      "lastModifiedById": "0052w000006GRCKAA4",
      "lastModifiedByName": "Ecommerce Integration",
      "lastModifiedDate": "2020-09-23T17:29:55.000Z",
      "manageableState": "unmanaged",
      "type": "AuraDefinitionBundle"
    }
  ]
}
