{
  "status": 0,
  "result": [
    {
      "createdById": "0052w000006GRCKAA4",
      "createdByName": "Ecommerce Integration",
      "createdDate": "2020-09-03T13:28:14.000Z",
      "fileName": "tabs/Customer.tab",
      "fullName": "Customer",
      "id": "01r2w000000Hz4LAAS",
      "lastModifiedById": "0052w000006GRCKAA4",
      "lastModifiedByName": "Ecommerce Integration",
      "lastModifiedDate": "2020-09-03T13:28:14.000Z",
      "manageableState": "unmanaged",
      "type": "CustomTab"
    },
    {
      "createdById": "0052w000006GRCKAA4",
      "createdByName": "Ecommerce Integration",
      "createdDate": "2020-09-03T13:28:41.000Z",
      "fileName": "tabs/Order.tab",
      "fullName": "Order",
      "id": "01r2w000000Hz4QAAS",
      "lastModifiedById": "0052w000006GRCKAA4",
      "lastModifiedByName": "Ecommerce Integration",
      "lastModifiedDate": "2020-09-03T13:28:41.000Z",
      "manageableState": "unmanaged",
      "type": "CustomTab"
    },
    {
      "createdById": "0052w000006GRCKAA4",
      "createdByName": "Ecommerce Integration",
      "createdDate": "2020-09-02T07:48:47.000Z",
      "fileName": "tabs/App_Configuration.tab",
      "fullName": "App_Configuration",
      "id": "01r2w000000HyXbAAK",
      "lastModifiedById": "0052w000006GRCKAA4",
      "lastModifiedByName": "Ecommerce Integration",
      "lastModifiedDate": "2020-09-14T02:36:01.000Z",
      "manageableState": "unmanaged",
      "type": "CustomTab"
    },
    {
      "createdById": "0052w000006GRCKAA4",
      "createdByName": "Ecommerce Integration",
      "createdDate": "2020-09-03T13:27:48.000Z",
      "fileName": "tabs/Product.tab",
      "fullName": "Product",
      "id": "01r2w000000Hz4GAAS",
      "lastModifiedById": "0052w000006GRCKAA4",
      "lastModifiedByName": "Ecommerce Integration",
      "lastModifiedDate": "2020-09-03T13:27:48.000Z",
      "manageableState": "unmanaged",
      "type": "CustomTab"
    }
  ]
}
