{
  "status": 0,
  "result": [
    {
      "createdById": "0052w000006GRCKAA4",
      "createdByName": "Ecommerce Integration",
      "createdDate": "2020-09-02T07:12:57.000Z",
      "fileName": "applications/standard__SalesforceCMS.app",
      "fullName": "standard__SalesforceCMS",
      "id": "02u2w00000219mCAAQ",
      "lastModifiedById": "0052w000006GRCKAA4",
      "lastModifiedByName": "Ecommerce Integration",
      "lastModifiedDate": "2020-09-02T07:12:57.000Z",
      "manageableState": "unmanaged",
      "namespacePrefix": "standard",
      "type": "CustomApplication"
    },
    {
      "createdById": "0052w000006GRCKAA4",
      "createdByName": "Ecommerce Integration",
      "createdDate": "2020-09-02T07:12:57.000Z",
      "fileName": "applications/standard__ServiceConsole.app",
      "fullName": "standard__ServiceConsole",
      "id": "02u2w00000219mGAAQ",
      "lastModifiedById": "0052w000006GRCKAA4",
      "lastModifiedByName": "Ecommerce Integration",
      "lastModifiedDate": "2020-09-02T07:12:57.000Z",
      "manageableState": "unmanaged",
      "namespacePrefix": "standard",
      "type": "CustomApplication"
    },
    {
      "createdById": "0052w000006GRCKAA4",
      "createdByName": "Ecommerce Integration",
      "createdDate": "2020-09-02T07:14:32.000Z",
      "fileName": "applications/standard__AllTabSet.app",
      "fullName": "standard__AllTabSet",
      "id": "02u2w000000NQMRAA4",
      "lastModifiedById": "0052w000006GRCKAA4",
      "lastModifiedByName": "Ecommerce Integration",
      "lastModifiedDate": "2020-09-02T07:14:32.000Z",
      "manageableState": "unmanaged",
      "namespacePrefix": "standard",
      "type": "CustomApplication"
    },
    {
      "createdById": "0052w000006GRCKAA4",
      "createdByName": "Ecommerce Integration",
      "createdDate": "2020-09-02T07:41:58.000Z",
      "fileName": "applications/TM_Ecommerce_Integrations.app",
      "fullName": "TM_Ecommerce_Integrations",
      "id": "02u2w000000NQOVAA4",
      "lastModifiedById": "0052w000006GRCKAA4",
      "lastModifiedByName": "Ecommerce Integration",
      "lastModifiedDate": "2020-09-03T13:30:23.000Z",
      "manageableState": "unmanaged",
      "type": "CustomApplication"
    },
    {
      "createdById": "0052w000006GRCKAA4",
      "createdByName": "Ecommerce Integration",
      "createdDate": "2020-09-02T07:12:57.000Z",
      "fileName": "applications/standard__AppLauncher.app",
      "fullName": "standard__AppLauncher",
      "id": "02u2w00000219mKAAQ",
      "lastModifiedById": "0052w000006GRCKAA4",
      "lastModifiedByName": "Ecommerce Integration",
      "lastModifiedDate": "2020-09-02T07:12:57.000Z",
      "manageableState": "unmanaged",
      "namespacePrefix": "standard",
      "type": "CustomApplication"
    },
    {
      "createdById": "0052w000006GRCKAA4",
      "createdByName": "Ecommerce Integration",
      "createdDate": "2020-09-02T07:12:57.000Z",
      "fileName": "applications/standard__Service.app",
      "fullName": "standard__Service",
      "id": "02u2w00000219mEAAQ",
      "lastModifiedById": "0052w000006GRCKAA4",
      "lastModifiedByName": "Ecommerce Integration",
      "lastModifiedDate": "2020-09-02T07:12:57.000Z",
      "manageableState": "unmanaged",
      "namespacePrefix": "standard",
      "type": "CustomApplication"
    },
    {
      "createdById": "0052w000006GRCKAA4",
      "createdByName": "Ecommerce Integration",
      "createdDate": "2020-09-02T07:12:57.000Z",
      "fileName": "applications/standard__LightningInstrumentation.app",
      "fullName": "standard__LightningInstrumentation",
      "id": "02u2w00000219mWAAQ",
      "lastModifiedById": "0052w000006GRCKAA4",
      "lastModifiedByName": "Ecommerce Integration",
      "lastModifiedDate": "2020-09-02T07:12:57.000Z",
      "manageableState": "unmanaged",
      "namespacePrefix": "standard",
      "type": "CustomApplication"
    },
    {
      "createdById": "0052w000006GRCKAA4",
      "createdByName": "Ecommerce Integration",
      "createdDate": "2020-09-02T07:12:57.000Z",
      "fileName": "applications/standard__LightningBolt.app",
      "fullName": "standard__LightningBolt",
      "id": "02u2w00000219mYAAQ",
      "lastModifiedById": "0052w000006GRCKAA4",
      "lastModifiedByName": "Ecommerce Integration",
      "lastModifiedDate": "2020-09-02T07:12:57.000Z",
      "manageableState": "unmanaged",
      "namespacePrefix": "standard",
      "type": "CustomApplication"
    },
    {
      "createdById": "0052w000006GRCKAA4",
      "createdByName": "Ecommerce Integration",
      "createdDate": "2020-09-02T07:12:57.000Z",
      "fileName": "applications/standard__Sales.app",
      "fullName": "standard__Sales",
      "id": "02u2w00000219mAAAQ",
      "lastModifiedById": "0052w000006GRCKAA4",
      "lastModifiedByName": "Ecommerce Integration",
      "lastModifiedDate": "2020-09-02T07:12:57.000Z",
      "manageableState": "unmanaged",
      "namespacePrefix": "standard",
      "type": "CustomApplication"
    },
    {
      "createdById": "0052w000006GRCKAA4",
      "createdByName": "Ecommerce Integration",
      "createdDate": "2020-09-02T07:14:02.000Z",
      "fileName": "applications/standard__LightningScheduler.app",
      "fullName": "standard__LightningScheduler",
      "id": "02u2w000000NQMPAA4",
      "lastModifiedById": "0052w000006GRCKAA4",
      "lastModifiedByName": "Ecommerce Integration",
      "lastModifiedDate": "2020-09-02T07:14:02.000Z",
      "manageableState": "unmanaged",
      "namespacePrefix": "standard",
      "type": "CustomApplication"
    },
    {
      "createdById": "0052w000006GRCKAA4",
      "createdByName": "Ecommerce Integration",
      "createdDate": "2020-09-02T07:12:57.000Z",
      "fileName": "applications/standard__Content.app",
      "fullName": "standard__Content",
      "id": "02u2w00000219m9AAA",
      "lastModifiedById": "0052w000006GRCKAA4",
      "lastModifiedByName": "Ecommerce Integration",
      "lastModifiedDate": "2020-09-02T07:12:57.000Z",
      "manageableState": "unmanaged",
      "namespacePrefix": "standard",
      "type": "CustomApplication"
    },
    {
      "createdById": "0052w000006GRCKAA4",
      "createdByName": "Ecommerce Integration",
      "createdDate": "2020-09-02T07:12:57.000Z",
      "fileName": "applications/standard__Chatter.app",
      "fullName": "standard__Chatter",
      "id": "02u2w00000219mNAAQ",
      "lastModifiedById": "0052w000006GRCKAA4",
      "lastModifiedByName": "Ecommerce Integration",
      "lastModifiedDate": "2020-09-02T07:12:57.000Z",
      "manageableState": "unmanaged",
      "namespacePrefix": "standard",
      "type": "CustomApplication"
    },
    {
      "createdById": "0052w000006GRCKAA4",
      "createdByName": "Ecommerce Integration",
      "createdDate": "2020-09-02T07:12:57.000Z",
      "fileName": "applications/standard__Community.app",
      "fullName": "standard__Community",
      "id": "02u2w00000219mLAAQ",
      "lastModifiedById": "0052w000006GRCKAA4",
      "lastModifiedByName": "Ecommerce Integration",
      "lastModifiedDate": "2020-09-02T07:12:57.000Z",
      "manageableState": "unmanaged",
      "namespacePrefix": "standard",
      "type": "CustomApplication"
    },
    {
      "createdById": "0052w000006GRCKAA4",
      "createdByName": "Ecommerce Integration",
      "createdDate": "2020-09-02T07:12:57.000Z",
      "fileName": "applications/standard__Platform.app",
      "fullName": "standard__Platform",
      "id": "02u2w00000219mDAAQ",
      "lastModifiedById": "0052w000006GRCKAA4",
      "lastModifiedByName": "Ecommerce Integration",
      "lastModifiedDate": "2020-09-02T07:12:57.000Z",
      "manageableState": "unmanaged",
      "namespacePrefix": "standard",
      "type": "CustomApplication"
    },
    {
      "createdById": "0052w000006GRCKAA4",
      "createdByName": "Ecommerce Integration",
      "createdDate": "2020-09-02T07:12:57.000Z",
      "fileName": "applications/standard__Insights.app",
      "fullName": "standard__Insights",
      "id": "02u2w00000219mVAAQ",
      "lastModifiedById": "0052w000006GRCKAA4",
      "lastModifiedByName": "Ecommerce Integration",
      "lastModifiedDate": "2020-09-02T07:12:57.000Z",
      "manageableState": "unmanaged",
      "namespacePrefix": "standard",
      "type": "CustomApplication"
    },
    {
      "createdById": "0052w000006GRCKAA4",
      "createdByName": "Ecommerce Integration",
      "createdDate": "2020-09-02T07:12:57.000Z",
      "fileName": "applications/standard__LightningSalesConsole.app",
      "fullName": "standard__LightningSalesConsole",
      "id": "02u2w00000219mTAAQ",
      "lastModifiedById": "0052w000006GRCKAA4",
      "lastModifiedByName": "Ecommerce Integration",
      "lastModifiedDate": "2020-09-02T07:12:57.000Z",
      "manageableState": "unmanaged",
      "namespacePrefix": "standard",
      "type": "CustomApplication"
    },
    {
      "createdById": "0052w000006GRCKAA4",
      "createdByName": "Ecommerce Integration",
      "createdDate": "2020-09-02T07:12:57.000Z",
      "fileName": "applications/standard__Sites.app",
      "fullName": "standard__Sites",
      "id": "02u2w00000219mMAAQ",
      "lastModifiedById": "0052w000006GRCKAA4",
      "lastModifiedByName": "Ecommerce Integration",
      "lastModifiedDate": "2020-09-02T07:12:57.000Z",
      "manageableState": "unmanaged",
      "namespacePrefix": "standard",
      "type": "CustomApplication"
    },
    {
      "createdById": "0052w000006GRCKAA4",
      "createdByName": "Ecommerce Integration",
      "createdDate": "2020-09-02T07:12:57.000Z",
      "fileName": "applications/standard__LightningSales.app",
      "fullName": "standard__LightningSales",
      "id": "02u2w00000219mUAAQ",
      "lastModifiedById": "0052w000006GRCKAA4",
      "lastModifiedByName": "Ecommerce Integration",
      "lastModifiedDate": "2020-09-02T07:12:57.000Z",
      "manageableState": "unmanaged",
      "namespacePrefix": "standard",
      "type": "CustomApplication"
    },
    {
      "createdById": "0052w000006GRCKAA4",
      "createdByName": "Ecommerce Integration",
      "createdDate": "2020-09-02T07:12:57.000Z",
      "fileName": "applications/standard__Marketing.app",
      "fullName": "standard__Marketing",
      "id": "02u2w00000219mFAAQ",
      "lastModifiedById": "0052w000006GRCKAA4",
      "lastModifiedByName": "Ecommerce Integration",
      "lastModifiedDate": "2020-09-02T07:12:57.000Z",
      "manageableState": "unmanaged",
      "namespacePrefix": "standard",
      "type": "CustomApplication"
    },
    {
      "createdById": "0052w000006GRCKAA4",
      "createdByName": "Ecommerce Integration",
      "createdDate": "2020-09-02T07:12:57.000Z",
      "fileName": "applications/standard__LightningService.app",
      "fullName": "standard__LightningService",
      "id": "02u2w00000219mSAAQ",
      "lastModifiedById": "0052w000006GRCKAA4",
      "lastModifiedByName": "Ecommerce Integration",
      "lastModifiedDate": "2020-09-02T07:12:57.000Z",
      "manageableState": "unmanaged",
      "namespacePrefix": "standard",
      "type": "CustomApplication"
    }
  ]
}
