{
  "status": 0,
  "result": [
    {
      "createdById": "0052w000006GRCKAA4",
      "createdByName": "Ecommerce Integration",
      "createdDate": "1970-01-01T00:00:00.000Z",
      "fileName": "objects/QuickTextUsage.object",
      "fullName": "QuickTextUsage",
      "id": "",
      "lastModifiedById": "0052w000006GRCKAA4",
      "lastModifiedByName": "Ecommerce Integration",
      "lastModifiedDate": "1970-01-01T00:00:00.000Z",
      "namespacePrefix": "",
      "type": "CustomObject"
    },
    {
      "createdById": "0052w000006GRCKAA4",
      "createdByName": "Ecommerce Integration",
      "createdDate": "1970-01-01T00:00:00.000Z",
      "fileName": "objects/Activity.object",
      "fullName": "Activity",
      "id": "",
      "lastModifiedById": "0052w000006GRCKAA4",
      "lastModifiedByName": "Ecommerce Integration",
      "lastModifiedDate": "1970-01-01T00:00:00.000Z",
      "namespacePrefix": "",
      "type": "CustomObject"
    },
    {
      "createdById": "0052w000006GRCKAA4",
      "createdByName": "Ecommerce Integration",
      "createdDate": "1970-01-01T00:00:00.000Z",
      "fileName": "objects/RecordAction.object",
      "fullName": "RecordAction",
      "id": "",
      "lastModifiedById": "0052w000006GRCKAA4",
      "lastModifiedByName": "Ecommerce Integration",
      "lastModifiedDate": "1970-01-01T00:00:00.000Z",
      "namespacePrefix": "",
      "type": "CustomObject"
    },
    {
      "createdById": "0052w000006GRCKAA4",
      "createdByName": "Ecommerce Integration",
      "createdDate": "1970-01-01T00:00:00.000Z",
      "fileName": "objects/ExpressionFilter.object",
      "fullName": "ExpressionFilter",
      "id": "",
      "lastModifiedById": "0052w000006GRCKAA4",
      "lastModifiedByName": "Ecommerce Integration",
      "lastModifiedDate": "1970-01-01T00:00:00.000Z",
      "namespacePrefix": "",
      "type": "CustomObject"
    },
    {
      "createdById": "0052w000006GRCKAA4",
      "createdByName": "Ecommerce Integration",
      "createdDate": "1970-01-01T00:00:00.000Z",
      "fileName": "objects/CreditMemo.object",
      "fullName": "CreditMemo",
      "id": "",
      "lastModifiedById": "0052w000006GRCKAA4",
      "lastModifiedByName": "Ecommerce Integration",
      "lastModifiedDate": "1970-01-01T00:00:00.000Z",
      "namespacePrefix": "",
      "type": "CustomObject"
    },
    {
      "createdById": "0052w000006GRCKAA4",
      "createdByName": "Ecommerce Integration",
      "createdDate": "1970-01-01T00:00:00.000Z",
      "fileName": "objects/Contract.object",
      "fullName": "Contract",
      "id": "",
      "lastModifiedById": "0052w000006GRCKAA4",
      "lastModifiedByName": "Ecommerce Integration",
      "lastModifiedDate": "1970-01-01T00:00:00.000Z",
      "namespacePrefix": "",
      "type": "CustomObject"
    },
    {
      "createdById": "0052w000006GRCKAA4",
      "createdByName": "Ecommerce Integration",
      "createdDate": "1970-01-01T00:00:00.000Z",
      "fileName": "objects/PaymentGateway.object",
      "fullName": "PaymentGateway",
      "id": "",
      "lastModifiedById": "0052w000006GRCKAA4",
      "lastModifiedByName": "Ecommerce Integration",
      "lastModifiedDate": "1970-01-01T00:00:00.000Z",
      "namespacePrefix": "",
      "type": "CustomObject"
    },
    {
      "createdById": "0052w000006GRCKAA4",
      "createdByName": "Ecommerce Integration",
      "createdDate": "1970-01-01T00:00:00.000Z",
      "fileName": "objects/SkillRequirement.object",
      "fullName": "SkillRequirement",
      "id": "",
      "lastModifiedById": "0052w000006GRCKAA4",
      "lastModifiedByName": "Ecommerce Integration",
      "lastModifiedDate": "1970-01-01T00:00:00.000Z",
      "namespacePrefix": "",
      "type": "CustomObject"
    },
    {
      "createdById": "0052w000006GRCKAA4",
      "createdByName": "Ecommerce Integration",
      "createdDate": "1970-01-01T00:00:00.000Z",
      "fileName": "objects/WorkTypeGroup.object",
      "fullName": "WorkTypeGroup",
      "id": "",
      "lastModifiedById": "0052w000006GRCKAA4",
      "lastModifiedByName": "Ecommerce Integration",
      "lastModifiedDate": "1970-01-01T00:00:00.000Z",
      "namespacePrefix": "",
      "type": "CustomObject"
    },
    {
      "createdById": "0052w000006GRCKAA4",
      "createdByName": "Ecommerce Integration",
      "createdDate": "1970-01-01T00:00:00.000Z",
      "fileName": "objects/Account.object",
      "fullName": "Account",
      "id": "",
      "lastModifiedById": "0052w000006GRCKAA4",
      "lastModifiedByName": "Ecommerce Integration",
      "lastModifiedDate": "1970-01-01T00:00:00.000Z",
      "namespacePrefix": "",
      "type": "CustomObject"
    },
    {
      "createdById": "0052w000006GRCKAA4",
      "createdByName": "Ecommerce Integration",
      "createdDate": "1970-01-01T00:00:00.000Z",
      "fileName": "objects/PricebookEntry.object",
      "fullName": "PricebookEntry",
      "id": "",
      "lastModifiedById": "0052w000006GRCKAA4",
      "lastModifiedByName": "Ecommerce Integration",
      "lastModifiedDate": "1970-01-01T00:00:00.000Z",
      "namespacePrefix": "",
      "type": "CustomObject"
    },
    {
      "createdById": "0052w000006GRCKAA4",
      "createdByName": "Ecommerce Integration",
      "createdDate": "1970-01-01T00:00:00.000Z",
      "fileName": "objects/Case.object",
      "fullName": "Case",
      "id": "",
      "lastModifiedById": "0052w000006GRCKAA4",
      "lastModifiedByName": "Ecommerce Integration",
      "lastModifiedDate": "1970-01-01T00:00:00.000Z",
      "namespacePrefix": "",
      "type": "CustomObject"
    },
    {
      "createdById": "0052w000006GRCKAA4",
      "createdByName": "Ecommerce Integration",
      "createdDate": "1970-01-01T00:00:00.000Z",
      "fileName": "objects/CommSubscriptionChannelType.object",
      "fullName": "CommSubscriptionChannelType",
      "id": "",
      "lastModifiedById": "0052w000006GRCKAA4",
      "lastModifiedByName": "Ecommerce Integration",
      "lastModifiedDate": "1970-01-01T00:00:00.000Z",
      "namespacePrefix": "",
      "type": "CustomObject"
    },
    {
      "createdById": "0052w000006GRCKAA4",
      "createdByName": "Ecommerce Integration",
      "createdDate": "1970-01-01T00:00:00.000Z",
      "fileName": "objects/ConsumptionSchedule.object",
      "fullName": "ConsumptionSchedule",
      "id": "",
      "lastModifiedById": "0052w000006GRCKAA4",
      "lastModifiedByName": "Ecommerce Integration",
      "lastModifiedDate": "1970-01-01T00:00:00.000Z",
      "namespacePrefix": "",
      "type": "CustomObject"
    },
    {
      "createdById": "0052w000006GRCKAA4",
      "createdByName": "Ecommerce Integration",
      "createdDate": "1970-01-01T00:00:00.000Z",
      "fileName": "objects/PaymentMethod.object",
      "fullName": "PaymentMethod",
      "id": "",
      "lastModifiedById": "0052w000006GRCKAA4",
      "lastModifiedByName": "Ecommerce Integration",
      "lastModifiedDate": "1970-01-01T00:00:00.000Z",
      "namespacePrefix": "",
      "type": "CustomObject"
    },
    {
      "createdById": "0052w000006GRCKAA4",
      "createdByName": "Ecommerce Integration",
      "createdDate": "1970-01-01T00:00:00.000Z",
      "fileName": "objects/ServiceResource.object",
      "fullName": "ServiceResource",
      "id": "",
      "lastModifiedById": "0052w000006GRCKAA4",
      "lastModifiedByName": "Ecommerce Integration",
      "lastModifiedDate": "1970-01-01T00:00:00.000Z",
      "namespacePrefix": "",
      "type": "CustomObject"
    },
    {
      "createdById": "0052w000006GRCKAA4",
      "createdByName": "Ecommerce Integration",
      "createdDate": "1970-01-01T00:00:00.000Z",
      "fileName": "objects/Refund.object",
      "fullName": "Refund",
      "id": "",
      "lastModifiedById": "0052w000006GRCKAA4",
      "lastModifiedByName": "Ecommerce Integration",
      "lastModifiedDate": "1970-01-01T00:00:00.000Z",
      "namespacePrefix": "",
      "type": "CustomObject"
    },
    {
      "createdById": "0052w000006GRCKAA4",
      "createdByName": "Ecommerce Integration",
      "createdDate": "1970-01-01T00:00:00.000Z",
      "fileName": "objects/TimeSlot.object",
      "fullName": "TimeSlot",
      "id": "",
      "lastModifiedById": "0052w000006GRCKAA4",
      "lastModifiedByName": "Ecommerce Integration",
      "lastModifiedDate": "1970-01-01T00:00:00.000Z",
      "namespacePrefix": "",
      "type": "CustomObject"
    },
    {
      "createdById": "0052w000006GRCKAA4",
      "createdByName": "Ecommerce Integration",
      "createdDate": "1970-01-01T00:00:00.000Z",
      "fileName": "objects/Topic.object",
      "fullName": "Topic",
      "id": "",
      "lastModifiedById": "0052w000006GRCKAA4",
      "lastModifiedByName": "Ecommerce Integration",
      "lastModifiedDate": "1970-01-01T00:00:00.000Z",
      "namespacePrefix": "",
      "type": "CustomObject"
    },
    {
      "createdById": "0052w000006GRCKAA4",
      "createdByName": "Ecommerce Integration",
      "createdDate": "1970-01-01T00:00:00.000Z",
      "fileName": "objects/Contact.object",
      "fullName": "Contact",
      "id": "",
      "lastModifiedById": "0052w000006GRCKAA4",
      "lastModifiedByName": "Ecommerce Integration",
      "lastModifiedDate": "1970-01-01T00:00:00.000Z",
      "namespacePrefix": "",
      "type": "CustomObject"
    },
    {
      "createdById": "0052w000006GRCKAA4",
      "createdByName": "Ecommerce Integration",
      "createdDate": "1970-01-01T00:00:00.000Z",
      "fileName": "objects/ContactRequest.object",
      "fullName": "ContactRequest",
      "id": "",
      "lastModifiedById": "0052w000006GRCKAA4",
      "lastModifiedByName": "Ecommerce Integration",
      "lastModifiedDate": "1970-01-01T00:00:00.000Z",
      "namespacePrefix": "",
      "type": "CustomObject"
    },
    {
      "createdById": "0052w000006GRCKAA4",
      "createdByName": "Ecommerce Integration",
      "createdDate": "1970-01-01T00:00:00.000Z",
      "fileName": "objects/CardPaymentMethod.object",
      "fullName": "CardPaymentMethod",
      "id": "",
      "lastModifiedById": "0052w000006GRCKAA4",
      "lastModifiedByName": "Ecommerce Integration",
      "lastModifiedDate": "1970-01-01T00:00:00.000Z",
      "namespacePrefix": "",
      "type": "CustomObject"
    },
    {
      "createdById": "0052w000006GRCKAA4",
      "createdByName": "Ecommerce Integration",
      "createdDate": "1970-01-01T00:00:00.000Z",
      "fileName": "objects/AccountContactRole.object",
      "fullName": "AccountContactRole",
      "id": "",
      "lastModifiedById": "0052w000006GRCKAA4",
      "lastModifiedByName": "Ecommerce Integration",
      "lastModifiedDate": "1970-01-01T00:00:00.000Z",
      "namespacePrefix": "",
      "type": "CustomObject"
    },
    {
      "createdById": "0052w000006GRCKAA4",
      "createdByName": "Ecommerce Integration",
      "createdDate": "1970-01-01T00:00:00.000Z",
      "fileName": "objects/Solution.object",
      "fullName": "Solution",
      "id": "",
      "lastModifiedById": "0052w000006GRCKAA4",
      "lastModifiedByName": "Ecommerce Integration",
      "lastModifiedDate": "1970-01-01T00:00:00.000Z",
      "namespacePrefix": "",
      "type": "CustomObject"
    },
    {
      "createdById": "0052w000006GRCKAA4",
      "createdByName": "Ecommerce Integration",
      "createdDate": "1970-01-01T00:00:00.000Z",
      "fileName": "objects/Idea.object",
      "fullName": "Idea",
      "id": "",
      "lastModifiedById": "0052w000006GRCKAA4",
      "lastModifiedByName": "Ecommerce Integration",
      "lastModifiedDate": "1970-01-01T00:00:00.000Z",
      "namespacePrefix": "",
      "type": "CustomObject"
    },
    {
      "createdById": "0052w000006GRCKAA4",
      "createdByName": "Ecommerce Integration",
      "createdDate": "1970-01-01T00:00:00.000Z",
      "fileName": "objects/PaymentAuthorization.object",
      "fullName": "PaymentAuthorization",
      "id": "",
      "lastModifiedById": "0052w000006GRCKAA4",
      "lastModifiedByName": "Ecommerce Integration",
      "lastModifiedDate": "1970-01-01T00:00:00.000Z",
      "namespacePrefix": "",
      "type": "CustomObject"
    },
    {
      "createdById": "0052w000006GRCKAA4",
      "createdByName": "Ecommerce Integration",
      "createdDate": "1970-01-01T00:00:00.000Z",
      "fileName": "objects/OrgMetricScanSummary.object",
      "fullName": "OrgMetricScanSummary",
      "id": "",
      "lastModifiedById": "0052w000006GRCKAA4",
      "lastModifiedByName": "Ecommerce Integration",
      "lastModifiedDate": "1970-01-01T00:00:00.000Z",
      "namespacePrefix": "",
      "type": "CustomObject"
    },
    {
      "createdById": "0052w000006GRCKAA4",
      "createdByName": "Ecommerce Integration",
      "createdDate": "1970-01-01T00:00:00.000Z",
      "fileName": "objects/ContactPointEmail.object",
      "fullName": "ContactPointEmail",
      "id": "",
      "lastModifiedById": "0052w000006GRCKAA4",
      "lastModifiedByName": "Ecommerce Integration",
      "lastModifiedDate": "1970-01-01T00:00:00.000Z",
      "namespacePrefix": "",
      "type": "CustomObject"
    },
    {
      "createdById": "0052w000006GRCKAA4",
      "createdByName": "Ecommerce Integration",
      "createdDate": "1970-01-01T00:00:00.000Z",
      "fileName": "objects/OpportunityContactRole.object",
      "fullName": "OpportunityContactRole",
      "id": "",
      "lastModifiedById": "0052w000006GRCKAA4",
      "lastModifiedByName": "Ecommerce Integration",
      "lastModifiedDate": "1970-01-01T00:00:00.000Z",
      "namespacePrefix": "",
      "type": "CustomObject"
    },
    {
      "createdById": "0052w000006GRCKAA4",
      "createdByName": "Ecommerce Integration",
      "createdDate": "1970-01-01T00:00:00.000Z",
      "fileName": "objects/EmailMessage.object",
      "fullName": "EmailMessage",
      "id": "",
      "lastModifiedById": "0052w000006GRCKAA4",
      "lastModifiedByName": "Ecommerce Integration",
      "lastModifiedDate": "1970-01-01T00:00:00.000Z",
      "namespacePrefix": "",
      "type": "CustomObject"
    },
    {
      "createdById": "0052w000006GRCKAA4",
      "createdByName": "Ecommerce Integration",
      "createdDate": "1970-01-01T00:00:00.000Z",
      "fileName": "objects/CaseContactRole.object",
      "fullName": "CaseContactRole",
      "id": "",
      "lastModifiedById": "0052w000006GRCKAA4",
      "lastModifiedByName": "Ecommerce Integration",
      "lastModifiedDate": "1970-01-01T00:00:00.000Z",
      "namespacePrefix": "",
      "type": "CustomObject"
    },
    {
      "createdById": "0052w000006GRCKAA4",
      "createdByName": "Ecommerce Integration",
      "createdDate": "2020-09-02T10:15:50.000Z",
      "fileName": "objects/Customer__c.object",
      "fullName": "Customer__c",
      "id": "01I2w000000XHPtEAO",
      "lastModifiedById": "0052w000006GRCKAA4",
      "lastModifiedByName": "Ecommerce Integration",
      "lastModifiedDate": "2020-09-12T12:02:20.000Z",
      "manageableState": "unmanaged",
      "type": "CustomObject"
    },
    {
      "createdById": "0052w000006GRCKAA4",
      "createdByName": "Ecommerce Integration",
      "createdDate": "1970-01-01T00:00:00.000Z",
      "fileName": "objects/PartyConsent.object",
      "fullName": "PartyConsent",
      "id": "",
      "lastModifiedById": "0052w000006GRCKAA4",
      "lastModifiedByName": "Ecommerce Integration",
      "lastModifiedDate": "1970-01-01T00:00:00.000Z",
      "namespacePrefix": "",
      "type": "CustomObject"
    },
    {
      "createdById": "0052w000006GRCKAA4",
      "createdByName": "Ecommerce Integration",
      "createdDate": "1970-01-01T00:00:00.000Z",
      "fileName": "objects/CampaignMember.object",
      "fullName": "CampaignMember",
      "id": "",
      "lastModifiedById": "0052w000006GRCKAA4",
      "lastModifiedByName": "Ecommerce Integration",
      "lastModifiedDate": "1970-01-01T00:00:00.000Z",
      "namespacePrefix": "",
      "type": "CustomObject"
    },
    {
      "createdById": "0052w000006GRCKAA4",
      "createdByName": "Ecommerce Integration",
      "createdDate": "1970-01-01T00:00:00.000Z",
      "fileName": "objects/ContactPointConsent.object",
      "fullName": "ContactPointConsent",
      "id": "",
      "lastModifiedById": "0052w000006GRCKAA4",
      "lastModifiedByName": "Ecommerce Integration",
      "lastModifiedDate": "1970-01-01T00:00:00.000Z",
      "namespacePrefix": "",
      "type": "CustomObject"
    },
    {
      "createdById": "0052w000006GRCKAA4",
      "createdByName": "Ecommerce Integration",
      "createdDate": "1970-01-01T00:00:00.000Z",
      "fileName": "objects/AuthorizationFormConsent.object",
      "fullName": "AuthorizationFormConsent",
      "id": "",
      "lastModifiedById": "0052w000006GRCKAA4",
      "lastModifiedByName": "Ecommerce Integration",
      "lastModifiedDate": "1970-01-01T00:00:00.000Z",
      "namespacePrefix": "",
      "type": "CustomObject"
    },
    {
      "createdById": "0052w000006GRCKAA4",
      "createdByName": "Ecommerce Integration",
      "createdDate": "1970-01-01T00:00:00.000Z",
      "fileName": "objects/DuplicateRecordSet.object",
      "fullName": "DuplicateRecordSet",
      "id": "",
      "lastModifiedById": "0052w000006GRCKAA4",
      "lastModifiedByName": "Ecommerce Integration",
      "lastModifiedDate": "1970-01-01T00:00:00.000Z",
      "namespacePrefix": "",
      "type": "CustomObject"
    },
    {
      "createdById": "0052w000006GRCKAA4",
      "createdByName": "Ecommerce Integration",
      "createdDate": "1970-01-01T00:00:00.000Z",
      "fileName": "objects/TopicAssignment.object",
      "fullName": "TopicAssignment",
      "id": "",
      "lastModifiedById": "0052w000006GRCKAA4",
      "lastModifiedByName": "Ecommerce Integration",
      "lastModifiedDate": "1970-01-01T00:00:00.000Z",
      "namespacePrefix": "",
      "type": "CustomObject"
    },
    {
      "createdById": "0052w000006GRCKAA4",
      "createdByName": "Ecommerce Integration",
      "createdDate": "1970-01-01T00:00:00.000Z",
      "fileName": "objects/Image.object",
      "fullName": "Image",
      "id": "",
      "lastModifiedById": "0052w000006GRCKAA4",
      "lastModifiedByName": "Ecommerce Integration",
      "lastModifiedDate": "1970-01-01T00:00:00.000Z",
      "namespacePrefix": "",
      "type": "CustomObject"
    },
    {
      "createdById": "0052w000006GRCKAA4",
      "createdByName": "Ecommerce Integration",
      "createdDate": "1970-01-01T00:00:00.000Z",
      "fileName": "objects/LeadCleanInfo.object",
      "fullName": "LeadCleanInfo",
      "id": "",
      "lastModifiedById": "0052w000006GRCKAA4",
      "lastModifiedByName": "Ecommerce Integration",
      "lastModifiedDate": "1970-01-01T00:00:00.000Z",
      "namespacePrefix": "",
      "type": "CustomObject"
    },
    {
      "createdById": "0052w000006GRCKAA4",
      "createdByName": "Ecommerce Integration",
      "createdDate": "1970-01-01T00:00:00.000Z",
      "fileName": "objects/ProductConsumptionSchedule.object",
      "fullName": "ProductConsumptionSchedule",
      "id": "",
      "lastModifiedById": "0052w000006GRCKAA4",
      "lastModifiedByName": "Ecommerce Integration",
      "lastModifiedDate": "1970-01-01T00:00:00.000Z",
      "namespacePrefix": "",
      "type": "CustomObject"
    },
    {
      "createdById": "0052w000006GRCKAA4",
      "createdByName": "Ecommerce Integration",
      "createdDate": "1970-01-01T00:00:00.000Z",
      "fileName": "objects/RefundLinePayment.object",
      "fullName": "RefundLinePayment",
      "id": "",
      "lastModifiedById": "0052w000006GRCKAA4",
      "lastModifiedByName": "Ecommerce Integration",
      "lastModifiedDate": "1970-01-01T00:00:00.000Z",
      "namespacePrefix": "",
      "type": "CustomObject"
    },
    {
      "createdById": "0052w000006GRCKAA4",
      "createdByName": "Ecommerce Integration",
      "createdDate": "1970-01-01T00:00:00.000Z",
      "fileName": "objects/AuthorizationForm.object",
      "fullName": "AuthorizationForm",
      "id": "",
      "lastModifiedById": "0052w000006GRCKAA4",
      "lastModifiedByName": "Ecommerce Integration",
      "lastModifiedDate": "1970-01-01T00:00:00.000Z",
      "namespacePrefix": "",
      "type": "CustomObject"
    },
    {
      "createdById": "0052w000006GRCKAA4",
      "createdByName": "Ecommerce Integration",
      "createdDate": "1970-01-01T00:00:00.000Z",
      "fileName": "objects/Asset.object",
      "fullName": "Asset",
      "id": "",
      "lastModifiedById": "0052w000006GRCKAA4",
      "lastModifiedByName": "Ecommerce Integration",
      "lastModifiedDate": "1970-01-01T00:00:00.000Z",
      "namespacePrefix": "",
      "type": "CustomObject"
    },
    {
      "createdById": "0052w000006GRCKAA4",
      "createdByName": "Ecommerce Integration",
      "createdDate": "2020-09-02T10:18:59.000Z",
      "fileName": "objects/Magento_Configuration__c.object",
      "fullName": "Magento_Configuration__c",
      "id": "01I2w000000XHQNEA4",
      "lastModifiedById": "0052w000006GRCKAA4",
      "lastModifiedByName": "Ecommerce Integration",
      "lastModifiedDate": "2020-09-21T08:29:44.000Z",
      "manageableState": "unmanaged",
      "type": "CustomObject"
    },
    {
      "createdById": "0052w000006GRCKAA4",
      "createdByName": "Ecommerce Integration",
      "createdDate": "1970-01-01T00:00:00.000Z",
      "fileName": "objects/ContactPointTypeConsent.object",
      "fullName": "ContactPointTypeConsent",
      "id": "",
      "lastModifiedById": "0052w000006GRCKAA4",
      "lastModifiedByName": "Ecommerce Integration",
      "lastModifiedDate": "1970-01-01T00:00:00.000Z",
      "namespacePrefix": "",
      "type": "CustomObject"
    },
    {
      "createdById": "0052w000006GRCKAA4",
      "createdByName": "Ecommerce Integration",
      "createdDate": "1970-01-01T00:00:00.000Z",
      "fileName": "objects/Event.object",
      "fullName": "Event",
      "id": "",
      "lastModifiedById": "0052w000006GRCKAA4",
      "lastModifiedByName": "Ecommerce Integration",
      "lastModifiedDate": "1970-01-01T00:00:00.000Z",
      "namespacePrefix": "",
      "type": "CustomObject"
    },
    {
      "createdById": "0052w000006GRCKAA4",
      "createdByName": "Ecommerce Integration",
      "createdDate": "1970-01-01T00:00:00.000Z",
      "fileName": "objects/CollaborationGroup.object",
      "fullName": "CollaborationGroup",
      "id": "",
      "lastModifiedById": "0052w000006GRCKAA4",
      "lastModifiedByName": "Ecommerce Integration",
      "lastModifiedDate": "1970-01-01T00:00:00.000Z",
      "namespacePrefix": "",
      "type": "CustomObject"
    },
    {
      "createdById": "0052w000006GRCKAA4",
      "createdByName": "Ecommerce Integration",
      "createdDate": "2020-09-02T10:15:15.000Z",
      "fileName": "objects/Product__c.object",
      "fullName": "Product__c",
      "id": "01I2w000000XHPeEAO",
      "lastModifiedById": "0052w000006GRCKAA4",
      "lastModifiedByName": "Ecommerce Integration",
      "lastModifiedDate": "2020-09-21T06:25:45.000Z",
      "manageableState": "unmanaged",
      "type": "CustomObject"
    },
    {
      "createdById": "0052w000006GRCKAA4",
      "createdByName": "Ecommerce Integration",
      "createdDate": "1970-01-01T00:00:00.000Z",
      "fileName": "objects/OrderItem.object",
      "fullName": "OrderItem",
      "id": "",
      "lastModifiedById": "0052w000006GRCKAA4",
      "lastModifiedByName": "Ecommerce Integration",
      "lastModifiedDate": "1970-01-01T00:00:00.000Z",
      "namespacePrefix": "",
      "type": "CustomObject"
    },
    {
      "createdById": "0052w000006GRCKAA4",
      "createdByName": "Ecommerce Integration",
      "createdDate": "1970-01-01T00:00:00.000Z",
      "fileName": "objects/Recommendation.object",
      "fullName": "Recommendation",
      "id": "",
      "lastModifiedById": "0052w000006GRCKAA4",
      "lastModifiedByName": "Ecommerce Integration",
      "lastModifiedDate": "1970-01-01T00:00:00.000Z",
      "namespacePrefix": "",
      "type": "CustomObject"
    },
    {
      "createdById": "0052w000006GRCKAA4",
      "createdByName": "Ecommerce Integration",
      "createdDate": "1970-01-01T00:00:00.000Z",
      "fileName": "objects/ServiceAppointment.object",
      "fullName": "ServiceAppointment",
      "id": "",
      "lastModifiedById": "0052w000006GRCKAA4",
      "lastModifiedByName": "Ecommerce Integration",
      "lastModifiedDate": "1970-01-01T00:00:00.000Z",
      "namespacePrefix": "",
      "type": "CustomObject"
    },
    {
      "createdById": "0052w000006GRCKAA4",
      "createdByName": "Ecommerce Integration",
      "createdDate": "1970-01-01T00:00:00.000Z",
      "fileName": "objects/Campaign.object",
      "fullName": "Campaign",
      "id": "",
      "lastModifiedById": "0052w000006GRCKAA4",
      "lastModifiedByName": "Ecommerce Integration",
      "lastModifiedDate": "1970-01-01T00:00:00.000Z",
      "namespacePrefix": "",
      "type": "CustomObject"
    },
    {
      "createdById": "0052w000006GRCKAA4",
      "createdByName": "Ecommerce Integration",
      "createdDate": "1970-01-01T00:00:00.000Z",
      "fileName": "objects/OpportunityLineItem.object",
      "fullName": "OpportunityLineItem",
      "id": "",
      "lastModifiedById": "0052w000006GRCKAA4",
      "lastModifiedByName": "Ecommerce Integration",
      "lastModifiedDate": "1970-01-01T00:00:00.000Z",
      "namespacePrefix": "",
      "type": "CustomObject"
    },
    {
      "createdById": "0052w000006GRCKAA4",
      "createdByName": "Ecommerce Integration",
      "createdDate": "1970-01-01T00:00:00.000Z",
      "fileName": "objects/CollaborationGroupMember.object",
      "fullName": "CollaborationGroupMember",
      "id": "",
      "lastModifiedById": "0052w000006GRCKAA4",
      "lastModifiedByName": "Ecommerce Integration",
      "lastModifiedDate": "1970-01-01T00:00:00.000Z",
      "namespacePrefix": "",
      "type": "CustomObject"
    },
    {
      "createdById": "0052w000006GRCKAA4",
      "createdByName": "Ecommerce Integration",
      "createdDate": "1970-01-01T00:00:00.000Z",
      "fileName": "objects/Macro.object",
      "fullName": "Macro",
      "id": "",
      "lastModifiedById": "0052w000006GRCKAA4",
      "lastModifiedByName": "Ecommerce Integration",
      "lastModifiedDate": "1970-01-01T00:00:00.000Z",
      "namespacePrefix": "",
      "type": "CustomObject"
    },
    {
      "createdById": "0052w000006GRCKAA4",
      "createdByName": "Ecommerce Integration",
      "createdDate": "1970-01-01T00:00:00.000Z",
      "fileName": "objects/SocialPersona.object",
      "fullName": "SocialPersona",
      "id": "",
      "lastModifiedById": "0052w000006GRCKAA4",
      "lastModifiedByName": "Ecommerce Integration",
      "lastModifiedDate": "1970-01-01T00:00:00.000Z",
      "namespacePrefix": "",
      "type": "CustomObject"
    },
    {
      "createdById": "0052w000006GRCKAA4",
      "createdByName": "Ecommerce Integration",
      "createdDate": "1970-01-01T00:00:00.000Z",
      "fileName": "objects/Opportunity.object",
      "fullName": "Opportunity",
      "id": "",
      "lastModifiedById": "0052w000006GRCKAA4",
      "lastModifiedByName": "Ecommerce Integration",
      "lastModifiedDate": "1970-01-01T00:00:00.000Z",
      "namespacePrefix": "",
      "type": "CustomObject"
    },
    {
      "createdById": "0052w000006GRCKAA4",
      "createdByName": "Ecommerce Integration",
      "createdDate": "1970-01-01T00:00:00.000Z",
      "fileName": "objects/WorkTypeGroupMember.object",
      "fullName": "WorkTypeGroupMember",
      "id": "",
      "lastModifiedById": "0052w000006GRCKAA4",
      "lastModifiedByName": "Ecommerce Integration",
      "lastModifiedDate": "1970-01-01T00:00:00.000Z",
      "namespacePrefix": "",
      "type": "CustomObject"
    },
    {
      "createdById": "0052w000006GRCKAA4",
      "createdByName": "Ecommerce Integration",
      "createdDate": "2020-09-02T10:16:14.000Z",
      "fileName": "objects/Order__c.object",
      "fullName": "Order__c",
      "id": "01I2w000000XHPyEAO",
      "lastModifiedById": "0052w000006GRCKAA4",
      "lastModifiedByName": "Ecommerce Integration",
      "lastModifiedDate": "2020-09-22T11:53:40.000Z",
      "manageableState": "unmanaged",
      "type": "CustomObject"
    },
    {
      "createdById": "0052w000006GRCKAA4",
      "createdByName": "Ecommerce Integration",
      "createdDate": "1970-01-01T00:00:00.000Z",
      "fileName": "objects/OrgDeleteRequest.object",
      "fullName": "OrgDeleteRequest",
      "id": "",
      "lastModifiedById": "0052w000006GRCKAA4",
      "lastModifiedByName": "Ecommerce Integration",
      "lastModifiedDate": "1970-01-01T00:00:00.000Z",
      "namespacePrefix": "",
      "type": "CustomObject"
    },
    {
      "createdById": "0052w000006GRCKAA4",
      "createdByName": "Ecommerce Integration",
      "createdDate": "1970-01-01T00:00:00.000Z",
      "fileName": "objects/ResourceAbsence.object",
      "fullName": "ResourceAbsence",
      "id": "",
      "lastModifiedById": "0052w000006GRCKAA4",
      "lastModifiedByName": "Ecommerce Integration",
      "lastModifiedDate": "1970-01-01T00:00:00.000Z",
      "namespacePrefix": "",
      "type": "CustomObject"
    },
    {
      "createdById": "0052w000006GRCKAA4",
      "createdByName": "Ecommerce Integration",
      "createdDate": "1970-01-01T00:00:00.000Z",
      "fileName": "objects/OpportunityCompetitor.object",
      "fullName": "OpportunityCompetitor",
      "id": "",
      "lastModifiedById": "0052w000006GRCKAA4",
      "lastModifiedByName": "Ecommerce Integration",
      "lastModifiedDate": "1970-01-01T00:00:00.000Z",
      "namespacePrefix": "",
      "type": "CustomObject"
    },
    {
      "createdById": "0052w000006GRCKAA4",
      "createdByName": "Ecommerce Integration",
      "createdDate": "1970-01-01T00:00:00.000Z",
      "fileName": "objects/Scorecard.object",
      "fullName": "Scorecard",
      "id": "",
      "lastModifiedById": "0052w000006GRCKAA4",
      "lastModifiedByName": "Ecommerce Integration",
      "lastModifiedDate": "1970-01-01T00:00:00.000Z",
      "namespacePrefix": "",
      "type": "CustomObject"
    },
    {
      "createdById": "0052w000006GRCKAA4",
      "createdByName": "Ecommerce Integration",
      "createdDate": "1970-01-01T00:00:00.000Z",
      "fileName": "objects/Site.object",
      "fullName": "Site",
      "id": "",
      "lastModifiedById": "0052w000006GRCKAA4",
      "lastModifiedByName": "Ecommerce Integration",
      "lastModifiedDate": "1970-01-01T00:00:00.000Z",
      "namespacePrefix": "",
      "type": "CustomObject"
    },
    {
      "createdById": "0052w000006GRCKAA4",
      "createdByName": "Ecommerce Integration",
      "createdDate": "1970-01-01T00:00:00.000Z",
      "fileName": "objects/ExternalEventMapping.object",
      "fullName": "ExternalEventMapping",
      "id": "",
      "lastModifiedById": "0052w000006GRCKAA4",
      "lastModifiedByName": "Ecommerce Integration",
      "lastModifiedDate": "1970-01-01T00:00:00.000Z",
      "namespacePrefix": "",
      "type": "CustomObject"
    },
    {
      "createdById": "0052w000006GRCKAA4",
      "createdByName": "Ecommerce Integration",
      "createdDate": "1970-01-01T00:00:00.000Z",
      "fileName": "objects/AuthorizationFormDataUse.object",
      "fullName": "AuthorizationFormDataUse",
      "id": "",
      "lastModifiedById": "0052w000006GRCKAA4",
      "lastModifiedByName": "Ecommerce Integration",
      "lastModifiedDate": "1970-01-01T00:00:00.000Z",
      "namespacePrefix": "",
      "type": "CustomObject"
    },
    {
      "createdById": "0052w000006GRCKAA4",
      "createdByName": "Ecommerce Integration",
      "createdDate": "1970-01-01T00:00:00.000Z",
      "fileName": "objects/DataUsePurpose.object",
      "fullName": "DataUsePurpose",
      "id": "",
      "lastModifiedById": "0052w000006GRCKAA4",
      "lastModifiedByName": "Ecommerce Integration",
      "lastModifiedDate": "1970-01-01T00:00:00.000Z",
      "namespacePrefix": "",
      "type": "CustomObject"
    },
    {
      "createdById": "0052w000006GRCKAA4",
      "createdByName": "Ecommerce Integration",
      "createdDate": "2020-09-22T11:39:07.000Z",
      "fileName": "objects/Order_Line_Item__c.object",
      "fullName": "Order_Line_Item__c",
      "id": "01I2w0000026JCzEAM",
      "lastModifiedById": "0052w000006GRCKAA4",
      "lastModifiedByName": "Ecommerce Integration",
      "lastModifiedDate": "2020-09-22T11:39:07.000Z",
      "manageableState": "unmanaged",
      "type": "CustomObject"
    },
    {
      "createdById": "0052w000006GRCKAA4",
      "createdByName": "Ecommerce Integration",
      "createdDate": "1970-01-01T00:00:00.000Z",
      "fileName": "objects/User.object",
      "fullName": "User",
      "id": "",
      "lastModifiedById": "0052w000006GRCKAA4",
      "lastModifiedByName": "Ecommerce Integration",
      "lastModifiedDate": "1970-01-01T00:00:00.000Z",
      "namespacePrefix": "",
      "type": "CustomObject"
    },
    {
      "createdById": "0052w000006GRCKAA4",
      "createdByName": "Ecommerce Integration",
      "createdDate": "1970-01-01T00:00:00.000Z",
      "fileName": "objects/RecordMergeHistory.object",
      "fullName": "RecordMergeHistory",
      "id": "",
      "lastModifiedById": "0052w000006GRCKAA4",
      "lastModifiedByName": "Ecommerce Integration",
      "lastModifiedDate": "1970-01-01T00:00:00.000Z",
      "namespacePrefix": "",
      "type": "CustomObject"
    },
    {
      "createdById": "0052w000006GRCKAA4",
      "createdByName": "Ecommerce Integration",
      "createdDate": "1970-01-01T00:00:00.000Z",
      "fileName": "objects/Order.object",
      "fullName": "Order",
      "id": "",
      "lastModifiedById": "0052w000006GRCKAA4",
      "lastModifiedByName": "Ecommerce Integration",
      "lastModifiedDate": "1970-01-01T00:00:00.000Z",
      "namespacePrefix": "",
      "type": "CustomObject"
    },
    {
      "createdById": "0052w000006GRCKAA4",
      "createdByName": "Ecommerce Integration",
      "createdDate": "1970-01-01T00:00:00.000Z",
      "fileName": "objects/CommSubscriptionTiming.object",
      "fullName": "CommSubscriptionTiming",
      "id": "",
      "lastModifiedById": "0052w000006GRCKAA4",
      "lastModifiedByName": "Ecommerce Integration",
      "lastModifiedDate": "1970-01-01T00:00:00.000Z",
      "namespacePrefix": "",
      "type": "CustomObject"
    },
    {
      "createdById": "0052w000006GRCKAA4",
      "createdByName": "Ecommerce Integration",
      "createdDate": "1970-01-01T00:00:00.000Z",
      "fileName": "objects/Invoice.object",
      "fullName": "Invoice",
      "id": "",
      "lastModifiedById": "0052w000006GRCKAA4",
      "lastModifiedByName": "Ecommerce Integration",
      "lastModifiedDate": "1970-01-01T00:00:00.000Z",
      "namespacePrefix": "",
      "type": "CustomObject"
    },
    {
      "createdById": "0052w000006GRCKAA4",
      "createdByName": "Ecommerce Integration",
      "createdDate": "1970-01-01T00:00:00.000Z",
      "fileName": "objects/ContractContactRole.object",
      "fullName": "ContractContactRole",
      "id": "",
      "lastModifiedById": "0052w000006GRCKAA4",
      "lastModifiedByName": "Ecommerce Integration",
      "lastModifiedDate": "1970-01-01T00:00:00.000Z",
      "namespacePrefix": "",
      "type": "CustomObject"
    },
    {
      "createdById": "0052w000006GRCKAA4",
      "createdByName": "Ecommerce Integration",
      "createdDate": "1970-01-01T00:00:00.000Z",
      "fileName": "objects/MessagingSession.object",
      "fullName": "MessagingSession",
      "id": "",
      "lastModifiedById": "0052w000006GRCKAA4",
      "lastModifiedByName": "Ecommerce Integration",
      "lastModifiedDate": "1970-01-01T00:00:00.000Z",
      "namespacePrefix": "",
      "type": "CustomObject"
    },
    {
      "createdById": "0052w000006GRCKAA4",
      "createdByName": "Ecommerce Integration",
      "createdDate": "1970-01-01T00:00:00.000Z",
      "fileName": "objects/ContentVersion.object",
      "fullName": "ContentVersion",
      "id": "",
      "lastModifiedById": "0052w000006GRCKAA4",
      "lastModifiedByName": "Ecommerce Integration",
      "lastModifiedDate": "1970-01-01T00:00:00.000Z",
      "namespacePrefix": "",
      "type": "CustomObject"
    },
    {
      "createdById": "0052w000006GRCKAA4",
      "createdByName": "Ecommerce Integration",
      "createdDate": "1970-01-01T00:00:00.000Z",
      "fileName": "objects/ScorecardMetric.object",
      "fullName": "ScorecardMetric",
      "id": "",
      "lastModifiedById": "0052w000006GRCKAA4",
      "lastModifiedByName": "Ecommerce Integration",
      "lastModifiedDate": "1970-01-01T00:00:00.000Z",
      "namespacePrefix": "",
      "type": "CustomObject"
    },
    {
      "createdById": "0052w000006GRCKAA4",
      "createdByName": "Ecommerce Integration",
      "createdDate": "1970-01-01T00:00:00.000Z",
      "fileName": "objects/AuthorizationFormText.object",
      "fullName": "AuthorizationFormText",
      "id": "",
      "lastModifiedById": "0052w000006GRCKAA4",
      "lastModifiedByName": "Ecommerce Integration",
      "lastModifiedDate": "1970-01-01T00:00:00.000Z",
      "namespacePrefix": "",
      "type": "CustomObject"
    },
    {
      "createdById": "0052w000006GRCKAA4",
      "createdByName": "Ecommerce Integration",
      "createdDate": "1970-01-01T00:00:00.000Z",
      "fileName": "objects/PaymentLineInvoice.object",
      "fullName": "PaymentLineInvoice",
      "id": "",
      "lastModifiedById": "0052w000006GRCKAA4",
      "lastModifiedByName": "Ecommerce Integration",
      "lastModifiedDate": "1970-01-01T00:00:00.000Z",
      "namespacePrefix": "",
      "type": "CustomObject"
    },
    {
      "createdById": "0052w000006GRCKAA4",
      "createdByName": "Ecommerce Integration",
      "createdDate": "1970-01-01T00:00:00.000Z",
      "fileName": "objects/Task.object",
      "fullName": "Task",
      "id": "",
      "lastModifiedById": "0052w000006GRCKAA4",
      "lastModifiedByName": "Ecommerce Integration",
      "lastModifiedDate": "1970-01-01T00:00:00.000Z",
      "namespacePrefix": "",
      "type": "CustomObject"
    },
    {
      "createdById": "0052w000006GRCKAA4",
      "createdByName": "Ecommerce Integration",
      "createdDate": "1970-01-01T00:00:00.000Z",
      "fileName": "objects/ConsumptionRate.object",
      "fullName": "ConsumptionRate",
      "id": "",
      "lastModifiedById": "0052w000006GRCKAA4",
      "lastModifiedByName": "Ecommerce Integration",
      "lastModifiedDate": "1970-01-01T00:00:00.000Z",
      "namespacePrefix": "",
      "type": "CustomObject"
    },
    {
      "createdById": "0052w000006GRCKAA4",
      "createdByName": "Ecommerce Integration",
      "createdDate": "1970-01-01T00:00:00.000Z",
      "fileName": "objects/MacroUsage.object",
      "fullName": "MacroUsage",
      "id": "",
      "lastModifiedById": "0052w000006GRCKAA4",
      "lastModifiedByName": "Ecommerce Integration",
      "lastModifiedDate": "1970-01-01T00:00:00.000Z",
      "namespacePrefix": "",
      "type": "CustomObject"
    },
    {
      "createdById": "0052w000006GRCKAA4",
      "createdByName": "Ecommerce Integration",
      "createdDate": "1970-01-01T00:00:00.000Z",
      "fileName": "objects/StreamingChannel.object",
      "fullName": "StreamingChannel",
      "id": "",
      "lastModifiedById": "0052w000006GRCKAA4",
      "lastModifiedByName": "Ecommerce Integration",
      "lastModifiedDate": "1970-01-01T00:00:00.000Z",
      "namespacePrefix": "",
      "type": "CustomObject"
    },
    {
      "createdById": "0052w000006GRCKAA4",
      "createdByName": "Ecommerce Integration",
      "createdDate": "1970-01-01T00:00:00.000Z",
      "fileName": "objects/ResourcePreference.object",
      "fullName": "ResourcePreference",
      "id": "",
      "lastModifiedById": "0052w000006GRCKAA4",
      "lastModifiedByName": "Ecommerce Integration",
      "lastModifiedDate": "1970-01-01T00:00:00.000Z",
      "namespacePrefix": "",
      "type": "CustomObject"
    },
    {
      "createdById": "0052w000006GRCKAA4",
      "createdByName": "Ecommerce Integration",
      "createdDate": "1970-01-01T00:00:00.000Z",
      "fileName": "objects/WorkType.object",
      "fullName": "WorkType",
      "id": "",
      "lastModifiedById": "0052w000006GRCKAA4",
      "lastModifiedByName": "Ecommerce Integration",
      "lastModifiedDate": "1970-01-01T00:00:00.000Z",
      "namespacePrefix": "",
      "type": "CustomObject"
    },
    {
      "createdById": "0052w000006GRCKAA4",
      "createdByName": "Ecommerce Integration",
      "createdDate": "1970-01-01T00:00:00.000Z",
      "fileName": "objects/AccountCleanInfo.object",
      "fullName": "AccountCleanInfo",
      "id": "",
      "lastModifiedById": "0052w000006GRCKAA4",
      "lastModifiedByName": "Ecommerce Integration",
      "lastModifiedDate": "1970-01-01T00:00:00.000Z",
      "namespacePrefix": "",
      "type": "CustomObject"
    },
    {
      "createdById": "0052w000006GRCKAA4",
      "createdByName": "Ecommerce Integration",
      "createdDate": "2020-09-02T10:18:34.000Z",
      "fileName": "objects/Shopify_Configuration__c.object",
      "fullName": "Shopify_Configuration__c",
      "id": "01I2w000000XHQIEA4",
      "lastModifiedById": "0052w000006GRCKAA4",
      "lastModifiedByName": "Ecommerce Integration",
      "lastModifiedDate": "2020-09-04T06:33:20.000Z",
      "manageableState": "unmanaged",
      "type": "CustomObject"
    },
    {
      "createdById": "0052w000006GRCKAA4",
      "createdByName": "Ecommerce Integration",
      "createdDate": "1970-01-01T00:00:00.000Z",
      "fileName": "objects/Lead.object",
      "fullName": "Lead",
      "id": "",
      "lastModifiedById": "0052w000006GRCKAA4",
      "lastModifiedByName": "Ecommerce Integration",
      "lastModifiedDate": "1970-01-01T00:00:00.000Z",
      "namespacePrefix": "",
      "type": "CustomObject"
    },
    {
      "createdById": "0052w000006GRCKAA4",
      "createdByName": "Ecommerce Integration",
      "createdDate": "1970-01-01T00:00:00.000Z",
      "fileName": "objects/FeedItem.object",
      "fullName": "FeedItem",
      "id": "",
      "lastModifiedById": "0052w000006GRCKAA4",
      "lastModifiedByName": "Ecommerce Integration",
      "lastModifiedDate": "1970-01-01T00:00:00.000Z",
      "namespacePrefix": "",
      "type": "CustomObject"
    },
    {
      "createdById": "0052w000006GRCKAA4",
      "createdByName": "Ecommerce Integration",
      "createdDate": "1970-01-01T00:00:00.000Z",
      "fileName": "objects/ServiceTerritoryMember.object",
      "fullName": "ServiceTerritoryMember",
      "id": "",
      "lastModifiedById": "0052w000006GRCKAA4",
      "lastModifiedByName": "Ecommerce Integration",
      "lastModifiedDate": "1970-01-01T00:00:00.000Z",
      "namespacePrefix": "",
      "type": "CustomObject"
    },
    {
      "createdById": "0052w000006GRCKAA4",
      "createdByName": "Ecommerce Integration",
      "createdDate": "1970-01-01T00:00:00.000Z",
      "fileName": "objects/MacroAction.object",
      "fullName": "MacroAction",
      "id": "",
      "lastModifiedById": "0052w000006GRCKAA4",
      "lastModifiedByName": "Ecommerce Integration",
      "lastModifiedDate": "1970-01-01T00:00:00.000Z",
      "namespacePrefix": "",
      "type": "CustomObject"
    },
    {
      "createdById": "0052w000006GRCKAA4",
      "createdByName": "Ecommerce Integration",
      "createdDate": "1970-01-01T00:00:00.000Z",
      "fileName": "objects/MessagingEndUser.object",
      "fullName": "MessagingEndUser",
      "id": "",
      "lastModifiedById": "0052w000006GRCKAA4",
      "lastModifiedByName": "Ecommerce Integration",
      "lastModifiedDate": "1970-01-01T00:00:00.000Z",
      "namespacePrefix": "",
      "type": "CustomObject"
    },
    {
      "createdById": "0052w000006GRCKAA4",
      "createdByName": "Ecommerce Integration",
      "createdDate": "1970-01-01T00:00:00.000Z",
      "fileName": "objects/Payment.object",
      "fullName": "Payment",
      "id": "",
      "lastModifiedById": "0052w000006GRCKAA4",
      "lastModifiedByName": "Ecommerce Integration",
      "lastModifiedDate": "1970-01-01T00:00:00.000Z",
      "namespacePrefix": "",
      "type": "CustomObject"
    },
    {
      "createdById": "0052w000006GRCKAA4",
      "createdByName": "Ecommerce Integration",
      "createdDate": "1970-01-01T00:00:00.000Z",
      "fileName": "objects/ServiceTerritory.object",
      "fullName": "ServiceTerritory",
      "id": "",
      "lastModifiedById": "0052w000006GRCKAA4",
      "lastModifiedByName": "Ecommerce Integration",
      "lastModifiedDate": "1970-01-01T00:00:00.000Z",
      "namespacePrefix": "",
      "type": "CustomObject"
    },
    {
      "createdById": "0052w000006GRCKAA4",
      "createdByName": "Ecommerce Integration",
      "createdDate": "1970-01-01T00:00:00.000Z",
      "fileName": "objects/CreditMemoLine.object",
      "fullName": "CreditMemoLine",
      "id": "",
      "lastModifiedById": "0052w000006GRCKAA4",
      "lastModifiedByName": "Ecommerce Integration",
      "lastModifiedDate": "1970-01-01T00:00:00.000Z",
      "namespacePrefix": "",
      "type": "CustomObject"
    },
    {
      "createdById": "0052w000006GRCKAA4",
      "createdByName": "Ecommerce Integration",
      "createdDate": "1970-01-01T00:00:00.000Z",
      "fileName": "objects/Pricebook2.object",
      "fullName": "Pricebook2",
      "id": "",
      "lastModifiedById": "0052w000006GRCKAA4",
      "lastModifiedByName": "Ecommerce Integration",
      "lastModifiedDate": "1970-01-01T00:00:00.000Z",
      "namespacePrefix": "",
      "type": "CustomObject"
    },
    {
      "createdById": "0052w000006GRCKAA4",
      "createdByName": "Ecommerce Integration",
      "createdDate": "1970-01-01T00:00:00.000Z",
      "fileName": "objects/ContactCleanInfo.object",
      "fullName": "ContactCleanInfo",
      "id": "",
      "lastModifiedById": "0052w000006GRCKAA4",
      "lastModifiedByName": "Ecommerce Integration",
      "lastModifiedDate": "1970-01-01T00:00:00.000Z",
      "namespacePrefix": "",
      "type": "CustomObject"
    },
    {
      "createdById": "0052w000006GRCKAA4",
      "createdByName": "Ecommerce Integration",
      "createdDate": "1970-01-01T00:00:00.000Z",
      "fileName": "objects/OrgMetricScanResult.object",
      "fullName": "OrgMetricScanResult",
      "id": "",
      "lastModifiedById": "0052w000006GRCKAA4",
      "lastModifiedByName": "Ecommerce Integration",
      "lastModifiedDate": "1970-01-01T00:00:00.000Z",
      "namespacePrefix": "",
      "type": "CustomObject"
    },
    {
      "createdById": "0052w000006GRCKAA4",
      "createdByName": "Ecommerce Integration",
      "createdDate": "1970-01-01T00:00:00.000Z",
      "fileName": "objects/MacroInstruction.object",
      "fullName": "MacroInstruction",
      "id": "",
      "lastModifiedById": "0052w000006GRCKAA4",
      "lastModifiedByName": "Ecommerce Integration",
      "lastModifiedDate": "1970-01-01T00:00:00.000Z",
      "namespacePrefix": "",
      "type": "CustomObject"
    },
    {
      "createdById": "0052w000006GRCKAA4",
      "createdByName": "Ecommerce Integration",
      "createdDate": "1970-01-01T00:00:00.000Z",
      "fileName": "objects/PartnerRole.object",
      "fullName": "PartnerRole",
      "id": "",
      "lastModifiedById": "0052w000006GRCKAA4",
      "lastModifiedByName": "Ecommerce Integration",
      "lastModifiedDate": "1970-01-01T00:00:00.000Z",
      "namespacePrefix": "",
      "type": "CustomObject"
    },
    {
      "createdById": "0052w000006GRCKAA4",
      "createdByName": "Ecommerce Integration",
      "createdDate": "1970-01-01T00:00:00.000Z",
      "fileName": "objects/CommSubscriptionConsent.object",
      "fullName": "CommSubscriptionConsent",
      "id": "",
      "lastModifiedById": "0052w000006GRCKAA4",
      "lastModifiedByName": "Ecommerce Integration",
      "lastModifiedDate": "1970-01-01T00:00:00.000Z",
      "namespacePrefix": "",
      "type": "CustomObject"
    },
    {
      "createdById": "0052w000006GRCKAA4",
      "createdByName": "Ecommerce Integration",
      "createdDate": "2020-09-02T10:19:25.000Z",
      "fileName": "objects/Woocommerce_Configuration__c.object",
      "fullName": "Woocommerce_Configuration__c",
      "id": "01I2w000000XHQSEA4",
      "lastModifiedById": "0052w000006GRCKAA4",
      "lastModifiedByName": "Ecommerce Integration",
      "lastModifiedDate": "2020-09-21T08:33:57.000Z",
      "manageableState": "unmanaged",
      "type": "CustomObject"
    },
    {
      "createdById": "0052w000006GRCKAA4",
      "createdByName": "Ecommerce Integration",
      "createdDate": "1970-01-01T00:00:00.000Z",
      "fileName": "objects/ServiceTerritoryWorkType.object",
      "fullName": "ServiceTerritoryWorkType",
      "id": "",
      "lastModifiedById": "0052w000006GRCKAA4",
      "lastModifiedByName": "Ecommerce Integration",
      "lastModifiedDate": "1970-01-01T00:00:00.000Z",
      "namespacePrefix": "",
      "type": "CustomObject"
    },
    {
      "createdById": "0052w000006GRCKAA4",
      "createdByName": "Ecommerce Integration",
      "createdDate": "1970-01-01T00:00:00.000Z",
      "fileName": "objects/StreamActivityAccess.object",
      "fullName": "StreamActivityAccess",
      "id": "",
      "lastModifiedById": "0052w000006GRCKAA4",
      "lastModifiedByName": "Ecommerce Integration",
      "lastModifiedDate": "1970-01-01T00:00:00.000Z",
      "namespacePrefix": "",
      "type": "CustomObject"
    },
    {
      "createdById": "0052w000006GRCKAA4",
      "createdByName": "Ecommerce Integration",
      "createdDate": "1970-01-01T00:00:00.000Z",
      "fileName": "objects/ExchangeUserMapping.object",
      "fullName": "ExchangeUserMapping",
      "id": "",
      "lastModifiedById": "0052w000006GRCKAA4",
      "lastModifiedByName": "Ecommerce Integration",
      "lastModifiedDate": "1970-01-01T00:00:00.000Z",
      "namespacePrefix": "",
      "type": "CustomObject"
    },
    {
      "createdById": "0052w000006GRCKAA4",
      "createdByName": "Ecommerce Integration",
      "createdDate": "1970-01-01T00:00:00.000Z",
      "fileName": "objects/QuickText.object",
      "fullName": "QuickText",
      "id": "",
      "lastModifiedById": "0052w000006GRCKAA4",
      "lastModifiedByName": "Ecommerce Integration",
      "lastModifiedDate": "1970-01-01T00:00:00.000Z",
      "namespacePrefix": "",
      "type": "CustomObject"
    },
    {
      "createdById": "0052w000006GRCKAA4",
      "createdByName": "Ecommerce Integration",
      "createdDate": "1970-01-01T00:00:00.000Z",
      "fileName": "objects/CommSubscription.object",
      "fullName": "CommSubscription",
      "id": "",
      "lastModifiedById": "0052w000006GRCKAA4",
      "lastModifiedByName": "Ecommerce Integration",
      "lastModifiedDate": "1970-01-01T00:00:00.000Z",
      "namespacePrefix": "",
      "type": "CustomObject"
    },
    {
      "createdById": "0052w000006GRCKAA4",
      "createdByName": "Ecommerce Integration",
      "createdDate": "1970-01-01T00:00:00.000Z",
      "fileName": "objects/UserProvisioningRequest.object",
      "fullName": "UserProvisioningRequest",
      "id": "",
      "lastModifiedById": "0052w000006GRCKAA4",
      "lastModifiedByName": "Ecommerce Integration",
      "lastModifiedDate": "1970-01-01T00:00:00.000Z",
      "namespacePrefix": "",
      "type": "CustomObject"
    },
    {
      "createdById": "0052w000006GRCKAA4",
      "createdByName": "Ecommerce Integration",
      "createdDate": "2020-09-02T10:31:50.000Z",
      "fileName": "objects/App_Configuration__c.object",
      "fullName": "App_Configuration__c",
      "id": "01I2w000000XHQhEAO",
      "lastModifiedById": "0052w000006GRCKAA4",
      "lastModifiedByName": "Ecommerce Integration",
      "lastModifiedDate": "2020-09-02T10:31:50.000Z",
      "manageableState": "unmanaged",
      "type": "CustomObject"
    },
    {
      "createdById": "0052w000006GRCKAA4",
      "createdByName": "Ecommerce Integration",
      "createdDate": "1970-01-01T00:00:00.000Z",
      "fileName": "objects/DuplicateRecordItem.object",
      "fullName": "DuplicateRecordItem",
      "id": "",
      "lastModifiedById": "0052w000006GRCKAA4",
      "lastModifiedByName": "Ecommerce Integration",
      "lastModifiedDate": "1970-01-01T00:00:00.000Z",
      "namespacePrefix": "",
      "type": "CustomObject"
    },
    {
      "createdById": "0052w000006GRCKAA4",
      "createdByName": "Ecommerce Integration",
      "createdDate": "1970-01-01T00:00:00.000Z",
      "fileName": "objects/AssistantProgress.object",
      "fullName": "AssistantProgress",
      "id": "",
      "lastModifiedById": "0052w000006GRCKAA4",
      "lastModifiedByName": "Ecommerce Integration",
      "lastModifiedDate": "1970-01-01T00:00:00.000Z",
      "namespacePrefix": "",
      "type": "CustomObject"
    },
    {
      "createdById": "0052w000006GRCKAA4",
      "createdByName": "Ecommerce Integration",
      "createdDate": "1970-01-01T00:00:00.000Z",
      "fileName": "objects/EngagementChannelType.object",
      "fullName": "EngagementChannelType",
      "id": "",
      "lastModifiedById": "0052w000006GRCKAA4",
      "lastModifiedByName": "Ecommerce Integration",
      "lastModifiedDate": "1970-01-01T00:00:00.000Z",
      "namespacePrefix": "",
      "type": "CustomObject"
    },
    {
      "createdById": "0052w000006GRCKAA4",
      "createdByName": "Ecommerce Integration",
      "createdDate": "1970-01-01T00:00:00.000Z",
      "fileName": "objects/Individual.object",
      "fullName": "Individual",
      "id": "",
      "lastModifiedById": "0052w000006GRCKAA4",
      "lastModifiedByName": "Ecommerce Integration",
      "lastModifiedDate": "1970-01-01T00:00:00.000Z",
      "namespacePrefix": "",
      "type": "CustomObject"
    },
    {
      "createdById": "0052w000006GRCKAA4",
      "createdByName": "Ecommerce Integration",
      "createdDate": "1970-01-01T00:00:00.000Z",
      "fileName": "objects/ServiceResourceSkill.object",
      "fullName": "ServiceResourceSkill",
      "id": "",
      "lastModifiedById": "0052w000006GRCKAA4",
      "lastModifiedByName": "Ecommerce Integration",
      "lastModifiedDate": "1970-01-01T00:00:00.000Z",
      "namespacePrefix": "",
      "type": "CustomObject"
    },
    {
      "createdById": "0052w000006GRCKAA4",
      "createdByName": "Ecommerce Integration",
      "createdDate": "1970-01-01T00:00:00.000Z",
      "fileName": "objects/AssignedResource.object",
      "fullName": "AssignedResource",
      "id": "",
      "lastModifiedById": "0052w000006GRCKAA4",
      "lastModifiedByName": "Ecommerce Integration",
      "lastModifiedDate": "1970-01-01T00:00:00.000Z",
      "namespacePrefix": "",
      "type": "CustomObject"
    },
    {
      "createdById": "0052w000006GRCKAA4",
      "createdByName": "Ecommerce Integration",
      "createdDate": "1970-01-01T00:00:00.000Z",
      "fileName": "objects/DataUseLegalBasis.object",
      "fullName": "DataUseLegalBasis",
      "id": "",
      "lastModifiedById": "0052w000006GRCKAA4",
      "lastModifiedByName": "Ecommerce Integration",
      "lastModifiedDate": "1970-01-01T00:00:00.000Z",
      "namespacePrefix": "",
      "type": "CustomObject"
    },
    {
      "createdById": "0052w000006GRCKAA4",
      "createdByName": "Ecommerce Integration",
      "createdDate": "1970-01-01T00:00:00.000Z",
      "fileName": "objects/AssetRelationship.object",
      "fullName": "AssetRelationship",
      "id": "",
      "lastModifiedById": "0052w000006GRCKAA4",
      "lastModifiedByName": "Ecommerce Integration",
      "lastModifiedDate": "1970-01-01T00:00:00.000Z",
      "namespacePrefix": "",
      "type": "CustomObject"
    },
    {
      "createdById": "0052w000006GRCKAA4",
      "createdByName": "Ecommerce Integration",
      "createdDate": "1970-01-01T00:00:00.000Z",
      "fileName": "objects/ExpressionFilterCriteria.object",
      "fullName": "ExpressionFilterCriteria",
      "id": "",
      "lastModifiedById": "0052w000006GRCKAA4",
      "lastModifiedByName": "Ecommerce Integration",
      "lastModifiedDate": "1970-01-01T00:00:00.000Z",
      "namespacePrefix": "",
      "type": "CustomObject"
    },
    {
      "createdById": "0052w000006GRCKAA4",
      "createdByName": "Ecommerce Integration",
      "createdDate": "1970-01-01T00:00:00.000Z",
      "fileName": "objects/ContactPointPhone.object",
      "fullName": "ContactPointPhone",
      "id": "",
      "lastModifiedById": "0052w000006GRCKAA4",
      "lastModifiedByName": "Ecommerce Integration",
      "lastModifiedDate": "1970-01-01T00:00:00.000Z",
      "namespacePrefix": "",
      "type": "CustomObject"
    },
    {
      "createdById": "0052w000006GRCKAA4",
      "createdByName": "Ecommerce Integration",
      "createdDate": "1970-01-01T00:00:00.000Z",
      "fileName": "objects/PaymentGroup.object",
      "fullName": "PaymentGroup",
      "id": "",
      "lastModifiedById": "0052w000006GRCKAA4",
      "lastModifiedByName": "Ecommerce Integration",
      "lastModifiedDate": "1970-01-01T00:00:00.000Z",
      "namespacePrefix": "",
      "type": "CustomObject"
    },
    {
      "createdById": "0052w000006GRCKAA4",
      "createdByName": "Ecommerce Integration",
      "createdDate": "1970-01-01T00:00:00.000Z",
      "fileName": "objects/ChatterActivity.object",
      "fullName": "ChatterActivity",
      "id": "",
      "lastModifiedById": "0052w000006GRCKAA4",
      "lastModifiedByName": "Ecommerce Integration",
      "lastModifiedDate": "1970-01-01T00:00:00.000Z",
      "namespacePrefix": "",
      "type": "CustomObject"
    },
    {
      "createdById": "0052w000006GRCKAA4",
      "createdByName": "Ecommerce Integration",
      "createdDate": "1970-01-01T00:00:00.000Z",
      "fileName": "objects/Product2.object",
      "fullName": "Product2",
      "id": "",
      "lastModifiedById": "0052w000006GRCKAA4",
      "lastModifiedByName": "Ecommerce Integration",
      "lastModifiedDate": "1970-01-01T00:00:00.000Z",
      "namespacePrefix": "",
      "type": "CustomObject"
    },
    {
      "createdById": "0052w000006GRCKAA4",
      "createdByName": "Ecommerce Integration",
      "createdDate": "1970-01-01T00:00:00.000Z",
      "fileName": "objects/ContactPointAddress.object",
      "fullName": "ContactPointAddress",
      "id": "",
      "lastModifiedById": "0052w000006GRCKAA4",
      "lastModifiedByName": "Ecommerce Integration",
      "lastModifiedDate": "1970-01-01T00:00:00.000Z",
      "namespacePrefix": "",
      "type": "CustomObject"
    },
    {
      "createdById": "0052w000006GRCKAA4",
      "createdByName": "Ecommerce Integration",
      "createdDate": "1970-01-01T00:00:00.000Z",
      "fileName": "objects/ScorecardAssociation.object",
      "fullName": "ScorecardAssociation",
      "id": "",
      "lastModifiedById": "0052w000006GRCKAA4",
      "lastModifiedByName": "Ecommerce Integration",
      "lastModifiedDate": "1970-01-01T00:00:00.000Z",
      "namespacePrefix": "",
      "type": "CustomObject"
    },
    {
      "createdById": "0052w000006GRCKAA4",
      "createdByName": "Ecommerce Integration",
      "createdDate": "1970-01-01T00:00:00.000Z",
      "fileName": "objects/InvoiceLine.object",
      "fullName": "InvoiceLine",
      "id": "",
      "lastModifiedById": "0052w000006GRCKAA4",
      "lastModifiedByName": "Ecommerce Integration",
      "lastModifiedDate": "1970-01-01T00:00:00.000Z",
      "namespacePrefix": "",
      "type": "CustomObject"
    },
    {
      "createdById": "0052w000006GRCKAA4",
      "createdByName": "Ecommerce Integration",
      "createdDate": "1970-01-01T00:00:00.000Z",
      "fileName": "objects/DigitalWallet.object",
      "fullName": "DigitalWallet",
      "id": "",
      "lastModifiedById": "0052w000006GRCKAA4",
      "lastModifiedByName": "Ecommerce Integration",
      "lastModifiedDate": "1970-01-01T00:00:00.000Z",
      "namespacePrefix": "",
      "type": "CustomObject"
    },
    {
      "createdById": "0052w000006GRCKAA4",
      "createdByName": "Ecommerce Integration",
      "createdDate": "1970-01-01T00:00:00.000Z",
      "fileName": "objects/OperatingHours.object",
      "fullName": "OperatingHours",
      "id": "",
      "lastModifiedById": "0052w000006GRCKAA4",
      "lastModifiedByName": "Ecommerce Integration",
      "lastModifiedDate": "1970-01-01T00:00:00.000Z",
      "namespacePrefix": "",
      "type": "CustomObject"
    },
    {
      "createdById": "0052w000006GRCKAA4",
      "createdByName": "Ecommerce Integration",
      "createdDate": "2020-09-03T13:27:19.000Z",
      "fileName": "objects/EcIntegrationSettings__c.object",
      "fullName": "EcIntegrationSettings__c",
      "id": "01I2w000000XJ1jEAG",
      "lastModifiedById": "0052w000006GRCKAA4",
      "lastModifiedByName": "Ecommerce Integration",
      "lastModifiedDate": "2020-09-03T13:27:19.000Z",
      "manageableState": "unmanaged",
      "type": "CustomObject"
    },
    {
      "createdById": "0052w000006GRCKAA4",
      "createdByName": "Ecommerce Integration",
      "createdDate": "1970-01-01T00:00:00.000Z",
      "fileName": "objects/PromptAction.object",
      "fullName": "PromptAction",
      "id": "",
      "lastModifiedById": "0052w000006GRCKAA4",
      "lastModifiedByName": "Ecommerce Integration",
      "lastModifiedDate": "1970-01-01T00:00:00.000Z",
      "namespacePrefix": "",
      "type": "CustomObject"
    },
    {
      "createdById": "0052w000006GRCKAA4",
      "createdByName": "Ecommerce Integration",
      "createdDate": "1970-01-01T00:00:00.000Z",
      "fileName": "objects/DandBCompany.object",
      "fullName": "DandBCompany",
      "id": "",
      "lastModifiedById": "0052w000006GRCKAA4",
      "lastModifiedByName": "Ecommerce Integration",
      "lastModifiedDate": "1970-01-01T00:00:00.000Z",
      "namespacePrefix": "",
      "type": "CustomObject"
    }
  ]
}
