{
  "status": 0,
  "result": [
    {
      "createdById": "0052w000006GRCKAA4",
      "createdByName": "Ecommerce Integration",
      "createdDate": "2020-09-14T05:39:38.000Z",
      "fileName": "remoteSiteSettings/Dev.remoteSite",
      "fullName": "Dev",
      "id": "0rp2w000000LBz3AAG",
      "lastModifiedById": "0052w000006GRCKAA4",
      "lastModifiedByName": "Ecommerce Integration",
      "lastModifiedDate": "2020-09-14T05:39:38.000Z",
      "manageableState": "unmanaged",
      "type": "RemoteSiteSetting"
    },
    {
      "createdById": "0052w000006GRCKAA4",
      "createdByName": "Ecommerce Integration",
      "createdDate": "2020-09-02T07:12:57.000Z",
      "fileName": "remoteSiteSettings/ApexDevNet.remoteSite",
      "fullName": "ApexDevNet",
      "id": "0rp2w000000qVn0AAE",
      "lastModifiedById": "0052w000006GRCKAA4",
      "lastModifiedByName": "Ecommerce Integration",
      "lastModifiedDate": "2020-09-02T07:12:57.000Z",
      "manageableState": "unmanaged",
      "type": "RemoteSiteSetting"
    },
    {
      "createdById": "0052w000006GRCKAA4",
      "createdByName": "Ecommerce Integration",
      "createdDate": "2020-09-14T10:16:59.000Z",
      "fileName": "remoteSiteSettings/shopify.remoteSite",
      "fullName": "shopify",
      "id": "0rp2w000000LC27AAG",
      "lastModifiedById": "0052w000006GRCKAA4",
      "lastModifiedByName": "Ecommerce Integration",
      "lastModifiedDate": "2020-09-14T10:16:59.000Z",
      "manageableState": "unmanaged",
      "type": "RemoteSiteSetting"
    },
    {
      "createdById": "0052w000006GRCKAA4",
      "createdByName": "Ecommerce Integration",
      "createdDate": "2020-09-17T07:49:13.000Z",
      "fileName": "remoteSiteSettings/ShopifyStore.remoteSite",
      "fullName": "ShopifyStore",
      "id": "0rp2w000000LCGEAA4",
      "lastModifiedById": "0052w000006GRCKAA4",
      "lastModifiedByName": "Ecommerce Integration",
      "lastModifiedDate": "2020-09-17T07:49:13.000Z",
      "manageableState": "unmanaged",
      "type": "RemoteSiteSetting"
    }
  ]
}
