<?xml version="1.0" encoding="UTF-8"?>
<WebLink xmlns="http://soap.sforce.com/2006/04/metadata">
    <fullName>smagicinteract__Send_SMS</fullName>
    <availability>online</availability>
    <description>send to individual</description>
    <displayType>button</displayType>
    <height>600</height>
    <linkType>page</linkType>
    <masterLabel>Send SMS</masterLabel>
    <openType>noSidebar</openType>
    <page>smagicinteract__SingleSMS_Contact</page>
    <protected>false</protected>
</WebLink>
