<?xml version="1.0" encoding="UTF-8"?>
<WebLink xmlns="http://soap.sforce.com/2006/04/metadata">
    <fullName>smagicinteract__Send_Bulk_SMS</fullName>
    <availability>online</availability>
    <description>sms to multiple contacts</description>
    <displayType>massActionButton</displayType>
    <height>600</height>
    <linkType>page</linkType>
    <masterLabel>Send Bulk SMS</masterLabel>
    <openType>noSidebar</openType>
    <page>smagicinteract__BulkSMS_Contact</page>
    <protected>false</protected>
    <requireRowSelection>true</requireRowSelection>
</WebLink>
