<?xml version="1.0" encoding="UTF-8"?>
<ValidationRule xmlns="http://soap.sforce.com/2006/04/metadata">
    <fullName>Customer_Analysis_Check</fullName>
    <active>true</active>
    <errorConditionFormula>AND( ISPICKVAL( Relationship_to_Company__c , &quot;Customer&quot;) , OR( ISBLANK( TEXT( Category__c ) ),ISBLANK( TEXT(  Purchase_Choice__c  ) ) ))</errorConditionFormula>
    <errorDisplayField>Category__c</errorDisplayField>
    <errorMessage>Please fill in the Customer Analysis Section</errorMessage>
</ValidationRule>
