<?xml version="1.0" encoding="UTF-8"?>
<ValidationRule xmlns="http://soap.sforce.com/2006/04/metadata">
    <fullName>Other_Life_Event</fullName>
    <active>true</active>
    <errorConditionFormula>AND( OR(ISPICKVAL( Life_Event__c , &quot;Other&quot;), ISPICKVAL(   Life_Event_2__c   , &quot;Other&quot;) ,ISPICKVAL(   Life_Event_3_if_any__c   , &quot;Other&quot;) ), ISBLANK( Other__c ) )</errorConditionFormula>
    <errorDisplayField>Other__c</errorDisplayField>
    <errorMessage>Fill in the Other Life Event Details.</errorMessage>
</ValidationRule>
