<?xml version="1.0" encoding="UTF-8"?>
<CustomApplication xmlns="http://soap.sforce.com/2006/04/metadata">
    <brand>
        <headerColor>#507391</headerColor>
        <logo>ecommerce_logo</logo>
        <logoVersion>1</logoVersion>
        <shouldOverrideOrgTheme>false</shouldOverrideOrgTheme>
    </brand>
    <description>This app is used for integration with E-commerce apps such as: Magento, Shopify, and Woocommerce.</description>
    <formFactors>Small</formFactors>
    <formFactors>Large</formFactors>
    <isNavAutoTempTabsDisabled>false</isNavAutoTempTabsDisabled>
    <isNavPersonalizationDisabled>false</isNavPersonalizationDisabled>
    <label>TM E-commerce Integrations</label>
    <navType>Standard</navType>
    <tabs>App_Configuration</tabs>
    <tabs>Product</tabs>
    <tabs>Customer</tabs>
    <tabs>Order</tabs>
    <uiType>Lightning</uiType>
    <utilityBar>TM_E_commerce_Integrations_UtilityBar</utilityBar>
</CustomApplication>
