<?xml version="1.0" encoding="UTF-8"?>
<CustomField xmlns="http://soap.sforce.com/2006/04/metadata">
    <fullName>Referral__c</fullName>
    <deleteConstraint>SetNull</deleteConstraint>
    <externalId>false</externalId>
    <inlineHelpText>Referred by?</inlineHelpText>
    <label>Referral</label>
    <referenceTo>Contact</referenceTo>
    <relationshipLabel>Accounts</relationshipLabel>
    <relationshipName>Accounts</relationshipName>
    <required>false</required>
    <trackFeedHistory>false</trackFeedHistory>
    <type>Lookup</type>
</CustomField>
