<?xml version="1.0" encoding="UTF-8"?>
<CustomField xmlns="http://soap.sforce.com/2006/04/metadata">
    <fullName>Salutation__c</fullName>
    <externalId>false</externalId>
    <inlineHelpText>Name to be referred as...</inlineHelpText>
    <label>Salutation</label>
    <required>false</required>
    <trackFeedHistory>false</trackFeedHistory>
    <type>Picklist</type>
    <valueSet>
        <restricted>true</restricted>
        <valueSetName>Salutation</valueSetName>
    </valueSet>
</CustomField>
